surface,player,surface_elo
Carpet,Frederik Nielsen,1563.796887462924
Carpet,Jerzy Janowicz,1555.0279385244971
Carpet,Mirza Basic,1543.7334920786259
Carpet,Jarkko Nieminen,1530.7025708402437
Carpet,Radu Albot,1530.6171588825762
Carpet,Marcos Baghdatis,1530.0
Carpet,Ernests Gulbis,1528.798651464604
Carpet,Go Soeda,1528.395946674568
Carpet,Grzegorz Panfil,1528.395946674568
Carpet,Christian Sigsgaard,1528.395946674568
Carpet,Tatsuma Ito,1527.794138223378
Carpet,Laurynas Grigelis,1515.6471999915343
Carpet,Nikoloz Basilashvili,1515.6192581541156
Carpet,Lukasz Kubot,1515.0
Carpet,Markos Kalovelonis,1515.0
Carpet,Ricardas Berankis,1514.9911122337014
Carpet,Sam Barry,1514.6272718731486
Carpet,James Mcgee,1514.440257852679
Carpet,Barry King,1514.0
Carpet,Benjamin Balleret,1514.0
Carpet,Dimitar Kuzmanov,1514.0
Carpet,Benjamin Hannestad,1514.0
Carpet,Reda El Amrani,1501.519501269934
Carpet,Andis Juska,1501.3862759246929
Carpet,Mikael Torpegaard,1501.03168226166
Carpet,Marton Fucsovics,1500.8150518940618
Carpet,Jurgen Zopp,1500.8025373517507
Carpet,Adam Kellner,1500.623031970967
Carpet,Malek Jaziri,1500.6193079298398
Carpet,Marsel Ilhan,1500.205861776622
Carpet,Michal Przysiezny,1500.0
Carpet,Jean Rene Lisnard,1500.0
Carpet,Dimitar Kutrovsky,1500.0
Carpet,Damir Dzumhur,1500.0
Carpet,Attila Balazs,1499.8551627787842
Carpet,Soren Hess Olesen,1499.604053325432
Carpet,George Tsivadze,1488.6688685313222
Carpet,Jaak Poldma,1487.7136463391535
Carpet,Lofo Ramiaramanana,1486.6289580855416
Carpet,Francis Casey Alcantara,1486.604053325432
Carpet,Ando Rasolomalala,1486.604053325432
Carpet,Irakli Metreveli,1486.604053325432
Carpet,Amine Ahouda,1486.5872952425598
Carpet,Harri Heliovaara,1486.3223520406714
Carpet,Martin Pedersen,1486.3221839300818
Carpet,Baris Erguden,1486.0
Carpet,Soren Wedege,1486.0
Carpet,Christopher Koutrouzas,1486.0
Carpet,Giorgi Javakhishvili,1486.0
Carpet,Lukas Mugevicius,1485.9739209517425
Carpet,Anis Ghorbel,1485.6471999915343
Carpet,Mariusz Fyrstenberg,1485.4461778531727
Carpet,Mehdi Jdi,1485.395946674568
Carpet,Dovydas Sakinis,1485.388024530365
Carpet,Jacob Rasolondrazana,1485.0279418374187
Carpet,Emil Ruusuvuori,1485.0279418374187
Carpet,Haluk Akkoyun,1485.0
Carpet,Treat Conrad Huey,1485.0
Carpet,Thomas Oger,1485.0
Carpet,Tzvetan Mihov,1485.0
Carpet,Philippos Tsangaridis,1485.0
Carpet,Antso Rakotondramanga,1485.0
Carpet,Vladimir Ivanov,1485.0
Carpet,Tomislav Brkic,1485.0
Carpet,Karlis Lejnieks,1484.3528000084657
Carpet,Eero Vasa,1484.3528000084657
Carpet,Deniss Pavlovs,1484.3517116356654
Carpet,Patrik Niklas Salminen,1483.8144887159085
Carpet,Conor Niland,1482.8964651214317
Carpet,Cecil Mamiit,1472.205861776622
Carpet,Maxim Dubarenco,1470.6170108221188
Carpet,Alexandros Jakupovic,1470.0
Clay,Carlos Alcaraz,2103.1134219341834
Clay,Jannik Sinner,2060.6789099015214
Clay,Novak Djokovic,2003.14081258093
Clay,Rafael Nadal,1989.508141791577
Clay,Roger Federer,1904.1253458242622
Clay,Alexander Zverev,1904.041068457368
Clay,Lorenzo Musetti,1866.1005113646033
Clay,Arthur Fils,1853.4598982985538
Clay,Casper Ruud,1843.252888720558
Clay,Tommy Paul,1800.414296389486
Clay,Stefanos Tsitsipas,1798.8985807862794
Clay,Andy Murray,1797.7689336515905
Clay,Juan Martin del Potro,1779.092474661304
Clay,Robin Soderling,1778.455180512393
Clay,Flavio Cobolli,1767.02940709891
Clay,Holger Rune,1764.5913573065232
Clay,Francisco Cerundolo,1745.2526568766268
Clay,Cameron Norrie,1742.0787496021396
Clay,Milos Raonic,1737.1377655013425
Clay,Matteo Berrettini,1731.3950752447658
Clay,Daniil Medvedev,1728.5128890335145
Clay,Hubert Hurkacz,1726.2839591806867
Clay,Alexander Bublik,1716.8963094379997
Clay,Tomas Martin Etcheverry,1715.4869567314158
Clay,Andrey Rublev,1715.2021914781087
Clay,Alex De Minaur,1713.559131372753
Clay,Tomas Berdych,1708.622335013169
Clay,Luciano Darderi,1707.1382461165783
Clay,Rafael Jodar,1706.899521621937
Clay,Jiri Lehecka,1702.432977551587
Clay,Kei Nishikori,1696.4734866008916
Clay,Alex Molcan,1695.241758228386
Clay,Jack Draper,1694.1224894816587
Clay,Felix Auger Aliassime,1691.0594746416728
Clay,Ben Shelton,1687.1269385071669
Clay,Taylor Fritz,1685.7866740121835
Clay,Karen Khachanov,1681.16240144741
Clay,Mariano Navone,1673.9037545119352
Clay,David Ferrer,1669.5713773406567
Clay,Alexander Blockx,1668.7805638888935
Clay,Frances Tiafoe,1663.7839557174805
Clay,Nicolas Almagro,1657.66425809902
Clay,Alejandro Davidovich Fokina,1657.6081420291239
Clay,John Isner,1654.3575472257335
Clay,Juan Monaco,1653.5129805267306
Clay,Kevin Anderson,1651.9319566085305
Clay,Laslo Djere,1650.6040576183264
Clay,Grigor Dimitrov,1649.598166902413
Clay,Yannick Hanfmann,1641.4249830704625
Clay,Alexandr Dolgopolov,1641.1598239825307
Clay,Joao Fonseca,1639.7890747202193
Clay,Jan Lennard Struff,1636.9293653002069
Clay,Jakub Mensik,1636.2755212362592
Clay,Vit Kopriva,1635.1505321725872
Clay,Nick Kyrgios,1634.0973603338316
Clay,Pablo Carreno Busta,1622.823181096234
Clay,Hyeon Chung,1621.6995051817448
Clay,David Nalbandian,1618.8377903067314
Clay,Sebastian Korda,1618.6809725856076
Clay,Marin Cilic,1617.641970557283
Clay,Alejandro Tabilo,1617.4983109394555
Clay,Thiago Agustin Tirante,1615.6078956992449
Clay,Alexei Popyrin,1613.866430985057
Clay,Matteo Arnaldi,1613.056053966785
Clay,Simone Bolelli,1613.0167228151065
Clay,Filip Misolic,1608.8161595851122
Clay,Camilo Ugo Carabelli,1606.6454664866746
Clay,Juan Carlos Ferrero,1604.5552515056215
Clay,Tomas Machac,1602.7721012748711
Clay,Marton Fucsovics,1601.2985591703346
Clay,Victor Hanescu,1597.4365458474513
Clay,Fabian Marozsan,1596.639845452415
Clay,Corentin Moutet,1595.1803422762316
Clay,Zhizhen Zhang,1595.0774723943005
Clay,Aljaz Bedene,1594.112368274937
Clay,Jo-Wilfried Tsonga,1594.0887556187936
Clay,Tallon Griekspoor,1591.236866385363
Clay,Botic Van De Zandschulp,1591.1925534857683
Clay,Valentin Vacherot,1588.4907186427006
Clay,Ruben Gonzales,1588.4368700646605
Clay,Borna Coric,1588.025613132731
Clay,Sebastian Baez,1586.0092741870099
Clay,Ivan Ljubicic,1585.504621173537
Clay,Philipp Kohlschreiber,1584.524009609952
Clay,Sebastian Ofner,1583.546939411272
Clay,Jacob Fearnley,1581.3983907564702
Clay,Daniel Merida Aguilar,1581.2844150759788
Clay,Dominik Koepfer,1581.1245619033461
Clay,Alexandre Muller,1580.439339461046
Clay,Jesper De Jong,1578.4128491118327
Clay,Horacio Zeballos,1575.7717109710284
Clay,Dominic Thiem,1574.746277354847
Clay,David Goffin,1574.5793823361846
Clay,Andrey Kuznetsov,1573.897552189444
Clay,Tommy Haas,1573.8448654694403
Clay,Ignacio Buse,1572.9258150280943
Clay,Attila Balazs,1572.3977593665593
Clay,Martin Klizan,1570.1467906583375
Clay,Bassam Beidas,1570.0760131309944
Clay,Arthur Rinderknech,1570.0022565523157
Clay,Pavel Kotov,1568.0493704373068
Clay,Ivan Dodig,1566.4550191591538
Clay,Jack Sock,1566.145408671398
Clay,Cristian Garin,1565.6508351256596
Clay,Damir Dzumhur,1565.1453521984542
Clay,Bernabe Zapata Miralles,1561.575501052857
Clay,Denis Shapovalov,1561.4761881271104
Clay,Roman Andres Burruchaga,1561.0618284077896
Clay,Ti Chen,1560.8074973949708
Clay,Juan Pablo Varillas,1560.255417817614
Clay,Lukas Rosol,1559.973456951573
Clay,Viktor Troicki,1559.2666924305818
Clay,Nuno Borges,1558.560707814084
Clay,Steve Johnson,1558.3236798189614
Clay,Albert Montanes,1557.8240908389098
Clay,Ryan Sweeting,1556.6665502388287
Clay,Federico Delbonis,1555.8408871980748
Clay,Victor Estrella,1555.0518108900048
Clay,Andrea Vavassori,1554.467137915871
Clay,Gastao Elias,1554.0088805011198
Clay,Cedrik Marcel Stebe,1553.8385005302102
Clay,Fabio Fognini,1552.8694600037402
Clay,Andis Juska,1552.705621007546
Clay,Gael Monfils,1552.12116745957
Clay,Hamad Medjedovic,1551.8444532134574
Clay,Fernando Gonzalez,1550.0374006585805
Clay,Julio Cesar Campozano,1549.9296938819718
Clay,Vilius Gaubas,1549.353001628914
Clay,Yuri Schukin,1548.8473984292616
Clay,Wayne Odesnik,1548.6516766911843
Clay,Marco Trungelliti,1547.6866375052705
Clay,Arthur Cazaux,1547.6398804774155
Clay,Jaume Munar,1547.370860973476
Clay,Quentin Halys,1547.3362453795453
Clay,Pablo Cuevas,1547.2496904821094
Clay,Jozef Kovalik,1546.8117733552285
Clay,Diego Schwartzman,1546.0728839146623
Clay,Timofey Skatov,1545.9353278064946
Clay,Matteo Gigante,1544.8987580857486
Clay,Mardy Fish,1544.6878140756978
Clay,Diego Galeano,1541.2985543150792
Clay,Marco Cecchinato,1541.0857991133587
Clay,Harshana Godamanna,1540.9969238213475
Clay,Juan Carlos Saez,1540.6810048477646
Clay,Bruno Rodriguez,1540.6765498278075
Clay,Emilio Nava,1540.1960809503232
Clay,Jason Kubler,1540.1144906172724
Clay,Yoshihito Nishioka,1540.1010950992315
Clay,Franco Agamenone,1540.0619347077466
Clay,Adolfo Daniel Vallejo,1540.0031444576764
Clay,Dino Prizmic,1539.7951993016281
Clay,Roberto Carballes Baena,1539.6181744970233
Clay,Jeremy Chardy,1539.437716762825
Clay,Gabriel Diallo,1538.928114697803
Clay,Facundo Diaz Acosta,1538.3116589140595
Clay,Roberto Quiroz,1537.9791180125287
Clay,Benjamin Hassan,1537.9157507238094
Clay,Juan Ignacio Chela,1537.776802756574
Clay,Daniel Vallejo,1537.7244738407271
Clay,Nicolas Mejia,1536.7607758263994
Clay,Guillermo Garcia Lopez,1536.404474954751
Clay,Genaro Alberto Olivieri,1536.395767153359
Clay,Gianluca Mager,1536.2789007690208
Clay,Robby Ginepri,1536.2053474178178
Clay,Mauricio Echazu,1535.7409917886366
Clay,Sergio Galdos,1535.3437203331641
Clay,Francis Casey Alcantara,1535.1562562070721
Clay,Thiago Seyboth Wild,1535.0561965414608
Clay,Aslan Karatsev,1534.9283342304113
Clay,Kyle Edmund,1534.901104902044
Clay,Radek Stepanek,1534.8510954983083
Clay,Jenson Brooksby,1534.2482219003934
Clay,Juan Sebastian Cabal,1532.9749286800431
Clay,Reda El Amrani,1532.446869725114
Clay,Roberto Bautista Agut,1532.2052495452015
Clay,Lamine Ouahab,1531.5407395115851
Clay,Marcel Felder,1531.3810445424103
Clay,Martin Sayer,1530.0533714717812
Clay,Aisam Ul Haq Qureshi,1530.015115844281
Clay,Federico Coria,1529.89337696198
Clay,Christopher Rungkat,1529.3528000084657
Clay,Konstantinos Economidis,1529.1070951851652
Clay,Mohammad Ghareeb,1529.0245701852882
Clay,Ivo Minar,1529.0148648478141
Clay,James Mcgee,1528.7904456101044
Clay,Thiemo De Bakker,1528.6906833943087
Clay,Frederico Gil,1528.4061732902262
Clay,Thomas Oger,1528.395946674568
Clay,Deniss Pavlovs,1528.395946674568
Clay,Laurent Bram,1528.395946674568
Clay,Michael Agwi,1528.0296434809165
Clay,Oliver Ojakaar,1527.9826284688513
Clay,Aristotelis Thanos,1527.9762606333422
Clay,Luca Van Assche,1527.5972164404309
Clay,Rodrigo Pacheco Mendez,1527.4361717829972
Clay,Filip Jeff Planinsek,1527.4361717829972
Clay,Thiago Monteiro,1527.4117132379145
Clay,Tihomir Grozdanov,1527.2334268216791
Clay,Hans Podlipnik Castillo,1526.9900506753145
Clay,Alvaro Guillen Meza,1526.9043208202258
Clay,Thanasi Kokkinakis,1526.7962209185046
Clay,Elmer Moller,1526.598539134385
Clay,Filip Krajinovic,1526.5961102221695
Clay,Jose Acasuso,1526.2243653476746
Clay,Andres Andrade,1526.1418047615139
Clay,Stefanos Sakellaridis,1526.0585943117544
Clay,Carlos Taberner,1525.143732240321
Clay,Gonzalo Lama,1525.0043789213312
Clay,Michael Venus,1524.79476765856
Clay,Rigele Te,1524.6879396171105
Clay,Juan Manuel Cerundolo,1524.577326301011
Clay,Pavol Cervenak,1524.5465101615712
Clay,Ze Zhang,1524.0432695448653
Clay,Jurgen Melzer,1523.828783360176
Clay,Ernests Gulbis,1523.627997772167
Clay,Ethan Quinn,1523.5449652424286
Clay,Dimitar Kutrovsky,1522.8572871144302
Clay,Aldin Setkic,1522.2919997695767
Clay,Leonardo Mayer,1522.1681946711271
Clay,Brian Baker,1521.7666823430764
Clay,Paul Henri Mathieu,1521.2036751547516
Clay,Lukas Pokorny,1520.8859083131506
Clay,Martin Alund,1520.8675097538373
Clay,Brandon Nakashima,1520.58274040718
Clay,Adam Pavlasek,1520.3876161965168
Clay,Jarkko Nieminen,1519.990281441662
Clay,Nicolai Budkov Kjaer,1519.6499710602873
Clay,Denis Istomin,1519.5726249463266
Clay,Alberto Martin,1519.4917751323067
Clay,Norbert Gombos,1519.2438749835655
Clay,Antoine Hoang,1519.016743678493
Clay,Konstantin Kravchuk,1518.9465357574163
Clay,Matteo Donati,1518.636830838222
Clay,Nicolas Jarry,1518.090527759647
Clay,Gonzalo Bueno,1517.9545958273611
Clay,Rafael Arevalo,1517.8041311715567
Clay,Nicolas Devilder,1517.749501759081
Clay,Pedro Cachin,1517.4608668211781
Clay,Terence Atmane,1517.0957133870697
Clay,Fernando Verdasco,1517.0707252782358
Clay,Sam Querrey,1517.0407847581985
Clay,Titouan Droguet,1517.0335083376947
Clay,Henri Laaksonen,1516.9012880776686
Clay,Mohamed Safwat,1516.7395728904216
Clay,Richard Gasquet,1516.412146029705
Clay,Daniel Altmaier,1516.2054789444016
Clay,Luis Diego Chavez Villalpando,1516.0724954091402
Clay,Liang Chi Huang,1516.0484976971493
Clay,Amir Weintraub,1515.94107588197
Clay,Mats Moraing,1515.6644502579943
Clay,Danai Udomchoke,1515.5258343079513
Clay,Nicolaas Scholtz,1515.1008850363933
Clay,Miomir Kecmanovic,1515.0896950384213
Clay,Patrick Tierro,1515.0304475990336
Clay,Yohny Romero,1515.0
Clay,Ramon Delgado,1515.0
Clay,Carlos Salamanca,1515.0
Clay,Kittipong Wachiramanowong,1514.982905615329
Clay,Alexander Blom,1514.788286655548
Clay,Pablo Llamas Ruiz,1514.7754013758051
Clay,Soon Woo Kwon,1514.6945710233495
Clay,Shahin Khaledan,1514.621147710103
Clay,Viacheslav Bielinskyi,1514.5833066615373
Clay,Miguel Gallardo Valles,1514.56890702106
Clay,Tom Kocevar Desman,1514.5426353971875
Clay,Wishaya Trongcharoenchaikul,1514.476407405873
Clay,Jan Hernych,1514.4262933008029
Clay,Michael Geerts,1514.3874348948607
Clay,Danilo Petrovic,1514.2919569864396
Clay,Darian King,1514.217924533414
Clay,Piero Luisi,1514.1894398248085
Clay,Henrique Rocha,1514.0811559806018
Clay,Carsten Ball,1514.0322226066464
Clay,Nicolas Salama,1514.0
Clay,Gyorgy Balazs,1514.0
Clay,Luis Delgado,1514.0
Clay,Bruno Soares,1514.0
Clay,Rohan Bopanna,1514.0
Clay,Daniel Llarenas,1514.0
Clay,Andre Gaspar Murta,1514.0
Clay,Ayoub Chakrouni,1514.0
Clay,Jean Jacques Rakotohasy,1514.0
Clay,Aissa Benchakroun,1514.0
Clay,Hernando Jose Escurra Isnardi,1514.0
Clay,Aziz Ouakaa,1514.0
Clay,Luis Carlos Alvarez Valdes,1514.0
Clay,Alexandar Lazarov,1514.0
Clay,Mustapha El Natour,1514.0
Clay,Freddy Murray,1514.0
Clay,Juan Carlos Prado Angelo,1514.0
Clay,Boris Arias,1514.0
Clay,Hugo Nys,1514.0
Clay,Conner Huertas Del Pino,1514.0
Clay,Daniel Antonio Nunez,1514.0
Clay,Filip Pieczonka,1514.0
Clay,Petros Tsitsipas,1513.9609672224217
Clay,Gijs Brouwer,1513.880207968924
Clay,Patrik Niklas Salminen,1513.8792018292768
Clay,Daniil Ostapenkov,1513.7577290297215
Clay,Ivan Miranda,1513.7334920786259
Clay,Maxim Dubarenco,1513.6537800565418
Clay,Marcelo Melo,1513.5509089671632
Clay,Teymuraz Gabashvili,1513.5045738600786
Clay,Matic Kriznik,1513.4419387841492
Clay,Palaphoom Kovapitukted,1513.4400130372223
Clay,Diego Fernandez Flores,1513.4361717829972
Clay,Melios Efstathiou,1513.4361717829972
Clay,Andreas Timini,1513.4361717829972
Clay,Maks Kasnikowski,1513.4361717829972
Clay,Jan Hajek,1513.4257273404178
Clay,Alvaro Raposo De Oliveira,1513.395946674568
Clay,Rodrigo Rappaccioli,1513.395946674568
Clay,Thomas Kromann,1513.3939173225929
Clay,Karol Filar,1513.3541684456352
Clay,Soren Wedege,1513.3466317408763
Clay,Patrick Chucri,1513.3439909314193
Clay,Matheus Pucinelli De Almeida,1513.319454437409
Clay,Edan Leshem,1513.2490029745993
Clay,Malek Jaziri,1513.1170530510396
Clay,Mikael Torpegaard,1512.9444914955488
Clay,Mert Alkaya,1512.8967452028996
Clay,Gilles Muller,1512.844781762224
Clay,Andrea Pellegrino,1512.7781810698857
Clay,Andrej Martin,1512.7453816780983
Clay,Franco Roncadelli,1512.645422376446
Clay,Reilly Opelka,1512.52546445799
Clay,Janez Semrajc,1512.510010478808
Clay,Francisco Comesana,1512.3764258509702
Clay,Nicolas Mahut,1512.3717794446322
Clay,Jhonson Garcia,1512.3160055341446
Clay,Vladyslav Orlov,1512.2047296131661
Clay,Zsombor Piros,1512.1949005319282
Clay,Nicolas Alvarez,1512.1365620765118
Clay,Romain Arneodo,1512.0920158291967
Clay,Yannick Maden,1512.070872558783
Clay,Jose Rubin Statham,1511.9938254732754
Clay,Guido Pella,1511.98124952661
Clay,Jerome Kym,1511.7128571973678
Clay,Laurynas Grigelis,1511.500908930155
Clay,Martin Pedersen,1511.4518773244392
Clay,Alejandro Moro Canas,1511.2155782311877
Clay,Zdenek Kolar,1511.1288350667564
Clay,Pedja Krstin,1511.0852021603544
Clay,Joao Domingues,1510.9943031094813
Clay,Jorge Brian Panta Herreros,1510.9684053537392
Clay,Antso Rakotondramanga,1510.449491152719
Clay,Alexander Vasilev,1510.15011595892
Clay,Janko Tipsarevic,1510.0791806866034
Clay,Facundo Bagnis,1510.053519628981
Clay,Albert Ramos,1510.0183050603348
Clay,Henri Squire,1509.3195216589932
Clay,Dmitry Popko,1509.1060940579653
Clay,Yosuke Watanuki,1508.7310124487776
Clay,Nicholas David Ionel,1508.488593375649
Clay,Gilles Simon,1508.4120175678754
Clay,Karim Bennani,1508.2918687276508
Clay,Duje Ajdukovic,1508.00629756411
Clay,Nicolas Barrientos,1507.680960870378
Clay,Ilya Ivashka,1507.6033158975306
Clay,Gleb Sakharov,1507.3245193182356
Clay,Mario Vilella Martinez,1507.3042349321836
Clay,Marcel Granollers,1507.202362827114
Clay,Steve Darcis,1507.1720822042262
Clay,Eduardo Schwank,1506.9360180204637
Clay,Juan Ignacio Londero,1506.9276150664302
Clay,Ricardo Rodriguez,1506.8167661867267
Clay,Jurgen Zopp,1506.8085120610872
Clay,Alex Bolt,1506.6773697332458
Clay,Denis Yevseyev,1506.5894196277682
Clay,Philip Davydenko,1506.5114499045294
Clay,Alexander Erler,1506.4543436798122
Clay,Alexander Shevchenko,1506.3267710635378
Clay,Stan Wawrinka,1506.2841957577593
Clay,Gianluigi Quinzi,1506.2613879308478
Clay,Aleksandre Metreveli,1506.0307658437214
Clay,Pedro Martinez,1505.5664407032746
Clay,Daniel Gimeno Traver,1505.4919993696979
Clay,Nils Langer,1505.412290219694
Clay,Bastian Trinker,1505.365179437373
Clay,Mikael Ymer,1505.3026208934727
Clay,Axel Michon,1505.2121400304566
Clay,Benjamin Bonzi,1504.9993897312272
Clay,Carl Soderlund,1504.9507742839266
Clay,Dimitar Kuzmanov,1504.9267486780848
Clay,Colton Smith,1504.9133121904692
Clay,Marc Polmans,1504.8730343790135
Clay,Potito Starace,1504.8539966288968
Clay,Thomas Schoorel,1504.7462679504881
Clay,Matthew Barton,1504.6468833309164
Clay,Nikola Cacic,1504.6013538150999
Clay,Gerald Melzer,1504.5283903824331
Clay,Oliver Marach,1504.4941011351434
Clay,Lukas Neumayer,1504.410455611847
Clay,Jeson Patrombon,1504.3544089725335
Clay,Bobby Reynolds,1504.3304685121811
Clay,Edouard Roger Vasselin,1503.9513166936522
Clay,Sergio Gutierrez Ferrol,1503.6928164643416
Clay,Alessio Di Mauro,1503.55208275022
Clay,Orlando Luz,1503.4433339550944
Clay,Blaz Rola,1503.066550050532
Clay,Renzo Olivo,1503.0056907755443
Clay,Marcos Giron,1502.6753323616035
Clay,Louk Sorensen,1502.672976608554
Clay,Cesar Ramirez,1502.4921932578886
Clay,Caio Zampieri,1502.4689337879531
Clay,Lukas Klein,1502.287671934641
Clay,David Agung Susanto,1501.6524343488757
Clay,Jan Mertl,1501.4477059203539
Clay,Zizou Bergs,1501.4388295465794
Clay,Abdullah Maqdas,1501.2756329214835
Clay,Robin Haase,1501.2710327857833
Clay,Nikola Milojevic,1501.1639293899466
Clay,Lorenzo Sonego,1500.990718603735
Clay,Louis Wessels,1500.9789009314259
Clay,Aziz Dougaz,1500.7060147720013
Clay,Juan Pablo Brzezicki,1500.662451617496
Clay,Stylianos Christodoulou,1500.5638282170028
Clay,Fadi Bidan,1500.5638282170028
Clay,Skander Mansouri,1500.5414338086493
Clay,Marc Abdulnour,1500.203737422056
Clay,Issam Al Tawil,1500.1845602704097
Clay,Raphael Collignon,1500.1748188958175
Clay,Bor Artnak,1500.1156186445849
Clay,Treat Conrad Huey,1500.1136386359442
Clay,Seong Chan Hong,1499.969962722212
Clay,Sarvar Ikramov,1499.96252415911
Clay,Peter Bertran,1499.9008993397824
Clay,Huzaifa Abdul Rehman,1499.8617882722203
Clay,Radu David Turcanu,1499.6478690030974
Clay,Oleksii Krutykh,1499.6307850776811
Clay,Tucker Vorster,1499.604053325432
Clay,Sina Moghimi,1499.586265017322
Clay,Francisco Llanes,1499.5817307859907
Clay,Osgar Ohoisin,1499.569813832367
Clay,Iliyan Radulov,1499.4361717829972
Clay,Alex Santino Nunez Vera,1499.4361717829972
Clay,David Jorda Sanchis,1499.4275408908236
Clay,Leo Borg,1499.3532358044279
Clay,Santiago Giraldo,1499.1170990662547
Clay,August Holmgren,1499.0998358632191
Clay,Artem Sitak,1499.0794189290762
Clay,Pablo Andujar,1499.0715520748588
Clay,Matias Soto,1499.0362564538807
Clay,Darwin Blanch,1498.995991456301
Clay,Chris Rodesch,1498.9407990328532
Clay,Lukas Dlouhy,1498.735040915765
Clay,Daniel King Turner,1498.7080052393337
Clay,Anoosha Shahgholi,1498.7072726938454
Clay,Tristan Lamasine,1498.468886176787
Clay,Manuel Guinard,1498.4188642100135
Clay,Emilio Gomez,1498.3040694609488
Clay,Younes Rachidi,1498.1099786208908
Clay,Murkel Alejandro Dellien Velasco,1497.9618248778033
Clay,Juan Carlos Ramirez,1497.8861384328911
Clay,Egor Gerasimov,1497.8756242347602
Clay,Martin Damm,1497.8572302052878
Clay,Bruno Britez,1497.8516496495597
Clay,Ricardo Ojeda Lara,1497.7491079084582
Clay,Hugo Gaston,1497.6670655719604
Clay,Robert Farah,1497.5370456348078
Clay,Philipp Oswald,1497.5032333613256
Clay,Jurabek Karimov,1497.4301111120292
Clay,Grega Zemlja,1497.4182053819175
Clay,Oscar Otte,1497.408765148973
Clay,Yanaki Milev,1497.400170206319
Clay,Ervin Eleskovic,1497.3817071430851
Clay,Jurij Rodionov,1497.378394628393
Clay,Mateus Alves,1497.3563504011092
Clay,Miljan Zekic,1497.3452381822108
Clay,Radu Albot,1497.205902799941
Clay,Mauricio Doria Medina,1497.1786509604003
Clay,Daniel Cukierman,1496.9292885821112
Clay,Thomaz Bellucci,1496.9213826417904
Clay,John Millman,1496.8974938374342
Clay,Peter Nagy,1496.62006848021
Clay,Joaquin  Aguilar Cardozo ,1496.4899290480537
Clay,Frederico Ferreira Silva,1496.3284231759449
Clay,Philip Bester,1496.0767779398077
Clay,Mitchell Krueger,1496.0706904796011
Clay,Alberto Lim,1496.0295018365327
Clay,Corentin Denolly,1495.9253211372118
Clay,Alexander Zgirovsky,1495.2159333792924
Clay,Tommy Robredo,1495.0153559135706
Clay,Yassine Idmbarek,1494.949286802121
Clay,J J Wolf,1494.7507529369836
Clay,Andrea Basso,1494.7196345266505
Clay,Francisco Cabral,1494.6482983205044
Clay,Frederik Nielsen,1494.594708591564
Clay,Julian Lenz,1494.5153849401406
Clay,Nikola Mektic,1494.3931977120453
Clay,Pablo Galdon,1494.2348695127741
Clay,Nick Hardt,1493.7814473315568
Clay,Daniel Garza,1493.7397556403516
Clay,Guillermo Olaso,1493.618775432568
Clay,Dmitry Tursunov,1493.4753293799145
Clay,Stefano Napolitano,1493.3820525694168
Clay,Jan Satral,1493.2407659201142
Clay,Simone Vagnozzi,1493.1559464802513
Clay,Guillermo Hormazabal,1492.8769557182889
Clay,Vladyslav Manafov,1492.7151857821682
Clay,Viktor Galovic,1492.4522741986023
Clay,Oriol Roca Batalla,1492.3860664815647
Clay,Gerardo Lopez Villasenor,1492.037025797159
Clay,Dominic Stricker,1491.9961258637138
Clay,Germain Gigounon,1491.9913822874475
Clay,Alexander Ward,1491.8973739873106
Clay,Markos Kalovelonis,1491.59653707534
Clay,Roman Safiullin,1491.339892289327
Clay,Shintaro Mochizuki,1491.1951698310324
Clay,Viktor Durasovic,1491.1435726216296
Clay,Mykyta Mashtakov,1491.0835538690583
Clay,Yshai Oliel,1490.983855869223
Clay,Edas Butvilas,1490.8383752148866
Clay,Nikolas Sanchez Izquierdo,1490.778254805545
Clay,Enrique Lopez Perez,1490.6258878849983
Clay,Matej Dodig,1490.5040238524716
Clay,Martins Podzus,1490.3906752661283
Clay,Alvaro Lopez San Martin,1489.9965934344782
Clay,Josko Topic,1489.9858082270373
Clay,Jack Pinnington Jones,1489.8430149239612
Clay,Juan Pablo Ficovich,1489.7635610455711
Clay,Marcelo Arevalo,1489.518808139215
Clay,Nicolas Moreno De Alboran,1489.4520699023435
Clay,Eero Vasa,1489.3615987714647
Clay,Amer Delic,1489.2384972184616
Clay,Pedro Sakamoto,1489.1613286514178
Clay,Sergei Bubka,1489.0998818531707
Clay,Aaron Gil Garcia,1489.0348662078138
Clay,Filip Cristian Jianu,1488.8199159148849
Clay,Ramkumar Ramanathan,1488.8197386879185
Clay,Ognjen Milic,1488.808640700086
Clay,Christopher Kas,1488.7955214157626
Clay,Stefan Kozlov,1488.5902956586524
Clay,Christian Harrison,1488.573619070739
Clay,Rhyne Williams,1488.3060109970052
Clay,Benjamin Balleret,1488.0977351213623
Clay,Rodrigo Banzer,1488.0223085068812
Clay,Joao Lucas Reis Da Silva,1487.9838162465123
Clay,Leonardo Tavares,1487.9552684854175
Clay,Boris Pashanski,1487.9216724260752
Clay,Erik Arutiunian,1487.8821301304185
Clay,Riccardo Bonadio,1487.8807062421122
Clay,Tristan Schoolkate,1487.8349691697665
Clay,Mathias Bourgue,1487.7312972195753
Clay,Billy Harris,1487.723682651532
Clay,Santiago Maresca,1487.6703799724987
Clay,Michael Ryderstedt,1487.6683604270536
Clay,Alec Beckley,1487.6170321227314
Clay,Toni Androic,1487.6097286342897
Clay,Miguel Angel Reyes Varela,1487.5781108974886
Clay,Sebastian Fanselow,1487.5769810505292
Clay,Ali Ghareeb,1487.5554023768602
Clay,Nenad Zimonjic,1487.5254887049027
Clay,Rowland Phillips,1487.4639067729672
Clay,Karue Sell,1487.3889306448345
Clay,Eduardo Struvay,1487.3065958803272
Clay,Raul Brancaccio,1487.2583822706497
Clay,Hasan Ibrahim,1487.2531371250186
Clay,Manuel Castellanos,1487.2404138467737
Clay,Philippos Tsangaridis,1487.1766629910933
Clay,Abdulhamid Mubarak,1487.1185391182667
Clay,Miguel Angel Este,1487.117774207114
Clay,Adria Soriano Barrera,1487.102570190149
Clay,Emilio Camacho,1487.0941425432131
Clay,Diego Hidalgo,1487.0800356484954
Clay,Yanki Erel,1487.062086966055
Clay,Joris De Loore,1487.0462470452032
Clay,Lleyton Cronje,1487.0426522027617
Clay,Diego Dedura Palomero,1487.0203386088658
Clay,Stefan Palosi,1486.9943746920324
Clay,Erik Chvojka,1486.8700041923198
Clay,Samir Iftikhar,1486.849019589337
Clay,Adam Walton,1486.8162582678892
Clay,Francesco Maestrelli,1486.7894812142795
Clay,Nam Hoang Ly,1486.7357780943123
Clay,Christos Antonopoulos,1486.734115310206
Clay,N Sriram Balaji,1486.7298099665188
Clay,Alexis Galarneau,1486.726075191832
Clay,Nicola Kuhn,1486.7024958294655
Clay,Igor Ribeiro Marcondes,1486.64358509894
Clay,Giovanni Mpetshi Perricard,1486.6211995760273
Clay,Kasparas Zemaitelis,1486.6044818781238
Clay,Hyun Joon Kim,1486.604053325432
Clay,Wilfredo Gonzalez,1486.604053325432
Clay,Fredrik Ask,1486.604053325432
Clay,Adrian Forberg Skogeng,1486.604053325432
Clay,Paris Gemouchidis,1486.604053325432
Clay,Julius Gotovskis,1486.604053325432
Clay,Ando Rasolomalala,1486.604053325432
Clay,Eric Jr. Olivarez,1486.6025664454066
Clay,Duilio Vallebuona,1486.5967227418118
Clay,Alberto Emmanuel Alvarado Larin,1486.5839608536407
Clay,Charalampos Kapogiannis,1486.5813429198936
Clay,Kaan Isak Kosaner,1486.5638282170028
Clay,Marco Aurelio Nunez,1486.5395255456697
Clay,Leandro Riedi,1486.5307138992503
Clay,Jose Benitez,1486.4903019630988
Clay,Gabriel Ghetu,1486.4498921161196
Clay,Xavier Lawrence,1486.4383702336531
Clay,Gian Marco Moroni,1486.3198057254087
Clay,Cyril Jacobe,1486.2919947606663
Clay,William Rejchtman Vinciguerra,1486.2734073757742
Clay,Roman Recarte,1486.2686856032947
Clay,Dimitar Grabuloski,1486.2665079213741
Clay,Lautaro Midon,1486.2173295893028
Clay,Santiago Fa Rodriguez Taverna,1486.205784744683
Clay,Rares Cuzdriorean,1486.1781984285924
Clay,Giovani Samaha,1486.1705285054975
Clay,Javier Barranco Cosano,1486.1699750828782
Clay,Stanislav Vovk,1486.1395754760981
Clay,Guillermo Rivera Aranguiz,1486.1133298593804
Clay,Jose De Armas,1486.1067838650433
Clay,Lucky Candra Kurniawan,1486.0799507857464
Clay,Dusan Lajovic,1486.0436801389942
Clay,Marco Antonio Rojas,1486.0
Clay,Claudio Dias Conduto,1486.0
Clay,Valentin Dimov,1486.0
Clay,Eleftherios Christou,1486.0
Clay,Tomislav Jotovski,1486.0
Clay,Nick Van Rosberg,1486.0
Clay,Vaja Uzakov,1486.0
Clay,Ariel Behar,1486.0
Clay,Rami Osman,1486.0
Clay,Tunde Segodo,1486.0
Clay,Sebastian Quiros,1486.0
Clay,Constantinos Ioannides,1486.0
Clay,Janis Podzus,1486.0
Clay,Brandon Perez,1486.0
Clay,Khumoun Sultanov,1486.0
Clay,Linh Giang Trinh,1486.0
Clay,Roey Tabet,1486.0
Clay,Benjamin Lock,1486.0
Clay,Thabo Ncube,1486.0
Clay,Michail Pervolarakis,1486.0
Clay,Daniel Azar,1486.0
Clay,Jose  Flores,1486.0
Clay,Fajing Sun,1486.0
Clay,Hamid Reza Nadaf,1486.0
Clay,Juan Carlos Fuentes Vasquez,1486.0
Clay,Yassine Dlimi,1486.0
Clay,Fitriadi M Rifqi,1486.0
Clay,Louis Van Herck,1486.0
Clay,Branko Djuric,1486.0
Clay,Karim Ibrahim,1486.0
Clay,Thehan Sanjaya Wijemanne,1485.9778828323572
Clay,Illia Biloborodko,1485.9590599929377
Clay,Eduardo Nava,1485.915509460745
Clay,Alejandro Mendoza,1485.8727157257892
Clay,Matyas Fuele,1485.8560449189292
Clay,Alan Fernando Rubio Fierros,1485.8422935088863
Clay,Felipe Rios,1485.7743036642885
Clay,Mehluli Don Ayanda Sibanda,1485.6995152490276
Clay,Naser Al Obaidly,1485.6770238309405
Clay,Ivo Karlovic,1485.6763787680109
Clay,Kyrian Jacquet,1485.6599454607044
Clay,Carlos Gimeno Valero,1485.644437402878
Clay,Andres Bucaro,1485.6393054481414
Clay,Alexandar Lazov,1485.6308155853762
Clay,M Abid Ali Khan Akbar,1485.6222297067304
Clay,Ismar Gorcic,1485.6192581541156
Clay,Luis Guto Miguel,1485.613085882089
Clay,Thomas Muster,1485.6038389594482
Clay,Abdulrahman Alawadhi,1485.5780630846461
Clay,Petr Nesterov,1485.5684330636277
Clay,Augustin Gensse,1485.553196775341
Clay,Amr Elsayed Abdou Ahmed Mohamed,1485.512568664112
Clay,Alex Fairbanks,1485.51187865898
Clay,Lucas Miedler,1485.5003601912542
Clay,Anas Fattar,1485.4967480832688
Clay,Gunawan Trismuwantara,1485.4957163423146
Clay,Luis Diaz Barriga,1485.469705189141
Clay,Anthony Susanto,1485.4361717829972
Clay,Kasidit Samrej,1485.4361717829972
Clay,Stephen Slocombe,1485.4361717829972
Clay,Vicente Elberto Anasta,1485.420275091141
Clay,Enmanuel Munoz,1485.3970668908566
Clay,Paulo Carvallo,1485.395946674568
Clay,Gilbert Wong,1485.395946674568
Clay,Diego Duran,1485.3945118519582
Clay,Juan Sebastian Vivanco,1485.3936587307794
Clay,Ben Patael,1485.3876125838874
Clay,Murad Inoyatov,1485.3739630871967
Clay,Salvador Andres Bolanos,1485.3372583677726
Clay,Christophe Tholl,1485.3333495028062
Clay,Gabriel Moraru,1485.3144813314575
Clay,Phuong Van Nguyen,1485.2522949295196
Clay,Sanjar Fayziev,1485.211631516014
Clay,Dragos Nicolae Madaras,1485.1829847111044
Clay,Roberto Ortega Olmedo,1485.1498820225665
Clay,Alexandros Jakupovic,1485.1203184689914
Clay,Hiu Tung Yu,1485.0557796405628
Clay,Vaclav Safranek,1485.0352143338034
Clay,Denys Molchanov,1485.0202458891079
Clay,Yaraslav Shyla,1485.0107116561298
Clay,Predrag Rusevski,1485.0
Clay,Kyu Tae Im,1485.0
Clay,Julen Uriguen,1485.0
Clay,Stian Boretti,1485.0
Clay,Erling Tveit,1485.0
Clay,Sunu Wahyu Trijati,1485.0
Clay,Vimuktha De Alwis,1485.0
Clay,Lofo Ramiaramanana,1485.0
Clay,Markus Kerner,1485.0
Clay,Altug Celikbilek,1484.968430979419
Clay,Conor Gannon,1484.9019405854954
Clay,Sam Barry,1484.8802893040054
Clay,Geoffrey Blancaneaux,1484.8781953087896
Clay,Blaise Bicknell,1484.8643966718969
Clay,Gorka Fraile,1484.8435444658664
Clay,Dinko Halachev,1484.790574345054
Clay,Daniel Masur,1484.7223255638546
Clay,Andrei Vasilevski,1484.7155379839937
Clay,Loic Didavi,1484.687523612946
Clay,Ruan Roelofse,1484.635152326622
Clay,Muhammad Shoaib,1484.6267783913872
Clay,Menelaos Efstathiou,1484.597703464309
Clay,Adam Kellner,1484.4586989292345
Clay,Ivo Klec,1484.4385039361653
Clay,Niels Desein,1484.4327970641298
Clay,Alexander Merino,1484.3695780622688
Clay,Lazar Magdincev,1484.3528000084657
Clay,Weerapat Doakmaiklee,1484.3364748644292
Clay,Alexander Bury,1484.334523818588
Clay,Isak Arvidsson,1484.298908460506
Clay,Duilio Beretta,1484.2835339526387
Clay,Fabiano De Paula,1484.2234715993425
Clay,Ugo Blanchet,1484.0872887433525
Clay,Jerzy Janowicz,1484.0646837116676
Clay,Juan Martin Aranguren,1484.0
Clay,Fred Simonsson,1484.0
Clay,Nicolas Alvarez Varona,1484.0
Clay,Daniel Dutra Da Silva,1484.0
Clay,Brandon Holt,1484.0
Clay,Zachary Svajda,1483.8923819217966
Clay,Yi Zhou,1483.859388279462
Clay,Jad Ballout,1483.851724219674
Clay,Pierre Hugues Herbert,1483.8506569494082
Clay,Carlos Gomez Herrera,1483.8401904201355
Clay,Dawood Sayed Hashim,1483.800284037682
Clay,Lucas Pouille,1483.7012369178885
Clay,Stephane Bohli,1483.65890108789
Clay,Anil Yuksel,1483.5661138976254
Clay,Marvin Moeller,1483.54961441797
Clay,Nick Lindahl,1483.3096533423634
Clay,Liam Draxl,1483.263693206478
Clay,Petros Chrysochos,1483.246990733846
Clay,Rodrigo Arus,1483.2376631213772
Clay,Luka Mikrut,1483.2016041292509
Clay,Dalibor Svrcina,1483.172159260298
Clay,Taylor Dent,1483.1331710071172
Clay,Reda Bennani,1483.0693295232625
Clay,David Marrero,1482.9946458131658
Clay,Patrick Zahraj,1482.9430183993281
Clay,Federico Agustin Gomez,1482.9381524170578
Clay,Denis Gremelmayr,1482.9292143436587
Clay,Arnau Brugues Davi,1482.8545592992505
Clay,Ivan Endara,1482.7585958756017
Clay,Gaston Gaudio,1482.597626351594
Clay,Clement Tabur,1482.5832201017083
Clay,Mario Ancic,1482.5607603058513
Clay,Filip Prpic,1482.518540342605
Clay,Alexandre Sidorenko,1482.48385947279
Clay,Kacper Zuk,1482.3993572335828
Clay,Martin Vaisse,1482.3540911074624
Clay,Hicham Khaddari,1482.3398271307665
Clay,Moez Echargui,1482.3228831749666
Clay,David Souto,1482.2672487038935
Clay,Adrien Bossel,1482.1657672039328
Clay,Thierry Ascione,1482.1609822940054
Clay,Hernan Casanova,1482.1345482979177
Clay,Matteo Trevisan,1481.8402516461524
Clay,Fernando Romboli,1481.8401412546382
Clay,Sanam Singh,1481.7959020117678
Clay,Boy Westerhof,1481.7012507179443
Clay,Nishesh Basavareddy,1481.624472942069
Clay,Johnny Arcilla,1481.6127450649756
Clay,Enzo Couacaud,1481.5302888325336
Clay,Tobias Kamke,1481.5259257832981
Clay,Dieter Kindlmann,1481.4499014954047
Clay,Amine Ahouda,1481.2091347025932
Clay,Ivan Gakhov,1481.1028289662952
Clay,Mikhail Ledovskikh,1481.095122419552
Clay,Stefano Galvani,1481.086628504262
Clay,Filip Peliwo,1481.0691570640859
Clay,Bastian Knittel,1480.8556728132796
Clay,Gilles Kremer,1480.8055637394295
Clay,Alexander Sadecky,1480.6226138079546
Clay,Roberto Marcora,1480.558248629025
Clay,David Vega Hernandez,1480.5485863764652
Clay,Marc Lopez,1480.498374395855
Clay,Nicolas Kiefer,1480.3853843652382
Clay,Albano Olivetti,1480.3432999426286
Clay,Jesse Witten,1480.3067165271093
Clay,Jason Jung,1480.280420948664
Clay,Patrick Ciorcila,1480.0553462600028
Clay,Hady Habib,1479.682173119646
Clay,Sam Groth,1479.6433227400785
Clay,Walter Trusendi,1479.4674242089354
Clay,Michael Lammer,1479.4260378898598
Clay,Andres Molteni,1479.2631337318294
Clay,Riccardo Bellotti,1479.180249453777
Clay,Alex Kuznetsov,1479.0
Clay,Josselin Ouanna,1478.754113723807
Clay,Moise Kouame,1478.6065049226133
Clay,George Tsivadze,1478.2120229732182
Clay,Santiago Gonzalez,1478.1102998584754
Clay,Emil Ruusuvuori,1478.078095190987
Clay,Adam Moundir,1478.0192742988795
Clay,Harold Mayot,1477.7539963714971
Clay,Jan Choinski,1477.6514672747664
Clay,Jorge Aguilar,1477.2503238323488
Clay,Andrea Arnaboldi,1477.1956182821286
Clay,Joel Schwaerzler,1477.045790375799
Clay,Taha Baadi,1477.0198123765267
Clay,Alexander Peya,1476.719826188041
Clay,Luis David Martinez,1476.5735031754975
Clay,Jaime Faria,1476.3680858081348
Clay,Nerman Fatic,1476.311740189102
Clay,Francesco Passaro,1475.8459925380919
Clay,Kristjan Tamm,1475.7290269811901
Clay,Nicolas Kicker,1475.644069366252
Clay,Justin Engel,1475.4735263909095
Clay,Miloslav Mecir Jr,1475.1979096856192
Clay,Sharmal Dissanayake,1475.1971719094163
Clay,Yibing Wu,1475.191614068224
Clay,Gabi Adrian Boitan,1474.8689692650614
Clay,Joao Menezes,1474.4286876914175
Clay,Arthur De Greef,1474.268093637369
Clay,Rajeev Ram,1474.1727333061647
Clay,Maxime Teixeira,1474.0650552990146
Clay,Yuki Bhambri,1473.7526899827365
Clay,Lucas Gomez,1473.7511076440783
Clay,Aditya Hari Sasongko,1473.75104928913
Clay,Jirat Navasirisomboon,1473.7069382429893
Clay,Aqeel Khan,1473.6576638898007
Clay,Jiri Vesely,1473.438293399799
Clay,Harel Levy,1473.410717233942
Clay,Henrik Sillanpaa,1473.3336122206608
Clay,Bjorn Phau,1473.3281657346072
Clay,Prajnesh Gunneswaran,1473.1253483565722
Clay,Olivier Sajous,1473.0767090667603
Clay,Gabor Borsos,1473.0440995071685
Clay,Mahammad Abid,1472.976079987396
Clay,Christopher Diaz Figueroa,1472.9506050984098
Clay,Adam Hornby,1472.936020087126
Clay,David Josepa,1472.787153454027
Clay,Mark Lajal,1472.7014100234883
Clay,Michael Llodra,1472.6636394963505
Clay,John Bryan Decasa Otico,1472.6554685200751
Clay,Sebastian Moreno,1472.5638282170028
Clay,Michael Bassem Sobhy,1472.5638282170028
Clay,Maximus Jones,1472.5638282170028
Clay,Thanapet Chanta,1472.5638282170028
Clay,Mohsen Hossein Zade,1472.5006650384507
Clay,Theodoros Angelinos,1472.4806704335747
Clay,Ante Pavic,1472.3230170586808
Clay,Tigre Hank,1472.3172491521523
Clay,Mikelis Libietis,1472.2062468497124
Clay,Yong Kyu Lim,1472.205861776622
Clay,Izak Van Der Merwe,1472.0794437566396
Clay,Cesar Cruz,1471.9484886635128
Clay,Ilya Snitari,1471.9173686218182
Clay,Talal Ouahabi,1471.8521211688803
Clay,Todor Enev,1471.7906915463313
Clay,Yasutaka Uchiyama,1471.7291273252479
Clay,Kamil Majchrzak,1471.6661684817977
Clay,Jimmy Wang,1471.604053325432
Clay,Karim Maamoun,1471.555626352255
Clay,Michael Linzer,1471.4015099590054
Clay,Alex Knaff,1471.2939446577252
Clay,Rajeev Rajapakse,1471.2919947606663
Clay,Temur Ismailov,1471.288554704291
Clay,Cristobal Saavedra Corvalan,1471.1991939619254
Clay,Ivan Ivanov,1471.0912561932623
Clay,Jonathan Dasnieres De Veigy,1471.0757819807945
Clay,Gregoire Barrere,1471.0412052814952
Clay,Hugo Grenier,1470.897611614499
Clay,Lukas Mugevicius,1470.717878897285
Clay,Kaipo Marshall,1470.6312660957087
Clay,Andres Weisskopf,1470.6189606069076
Clay,Faris Zakaryia,1470.6069575964689
Clay,Kevin Krawietz,1470.5923353903077
Clay,Sergey Betov,1470.5077796166236
Clay,Bjorn Fratangelo,1470.447993074413
Clay,Anthony Marshall,1470.430412344424
Clay,Juan Sebastian Langton,1470.3640143079144
Clay,Dovydas Sakinis,1470.3176918939398
Clay,Florian Mayer,1470.218300224679
Clay,Harri Heliovaara,1470.1869481290303
Clay,Alexey Vatutin,1470.17818284898
Clay,Liam Broady,1470.170963536978
Clay,Hillel Rousseau,1470.127294414532
Clay,Mauricio Estivariz,1470.0
Clay,Tadas Babelis,1469.8276521425455
Clay,Federico Gaio,1469.7084600926469
Clay,Lucas Catarina,1469.68177768648
Clay,Abedallah Shelbayh,1469.4046551045524
Clay,Mattia Bellucci,1469.2468386588969
Clay,Manuel Sanchez,1469.2037166394107
Clay,Austin Krajicek,1468.9391534308047
Clay,Ricardo Hocevar,1468.9368156291073
Clay,Haithem Abid,1468.9312577224318
Clay,Marko Djokovic,1468.924890193923
Clay,Ayed Zatar,1468.8682003945912
Clay,Yann Marti,1468.8615201051728
Clay,Alex Barrena,1468.842771234098
Clay,Gustavo Ramirez,1468.816539408857
Clay,Jacob Rasolondrazana,1468.7865902338428
Clay,Martin Vassallo Arguello,1468.736306793522
Clay,Stefan Koubek,1468.7095142415835
Clay,Martin Antonio Vergara Del Puerto,1468.7081236789345
Clay,Ruben Bemelmans,1468.543178405165
Clay,Alexander Ritschard,1468.35041922259
Clay,Arnaud Clement,1468.2006994627209
Clay,Noah Rubin,1468.1969809034558
Clay,Andrea Collarini,1467.9144271116395
Clay,Conor Niland,1467.8999067673058
Clay,Jaroslav Pospisil,1467.7886612383666
Clay,Jordi Samper Montana,1467.2055490288033
Clay,Michael Mmoh,1467.1862572886885
Clay,Rudolf Molleker,1466.8872784262728
Clay,Alexis Klegou,1466.5318621837066
Clay,Johan Nikles,1466.4958141334446
Clay,Artem Smirnov,1466.4647482966436
Clay,Farrukh Dustov,1466.3624878021153
Clay,Calvin Hemery,1466.2631310859028
Clay,Luis Patino,1466.1920272746304
Clay,Akira Santillan,1465.742792632086
Clay,Daniel Brands,1465.563294302099
Clay,Laurent Recouderc,1465.4130499267387
Clay,Gonzalo Escobar,1465.3800267238373
Clay,Mate Valkusz,1465.0781509040921
Clay,Maximilian Marterer,1464.9716329277462
Clay,Jared Donaldson,1464.9534123701535
Clay,Sergis Kyratzis,1464.63211723691
Clay,Tomas Barrios Vera,1464.472657471777
Clay,Valentin Royer,1464.4624880319257
Clay,Sergiy Stakhovsky,1464.2935212925681
Clay,Sumit Nagal,1464.170803247513
Clay,Laurent Lokoli,1464.0716118926973
Clay,Coleman Wong,1463.985314564953
Clay,Lorenzo Giustino,1463.707557619311
Clay,Federico Cina,1463.6831735159058
Clay,Mili Poljicak,1463.6341772007966
Clay,Younes Lalami Laaroussi,1463.4629261895432
Clay,Kristof Vliegen,1463.4258851556576
Clay,Jesse Huta Galung,1463.396912390375
Clay,Daniel Rincon,1463.3402552950156
Clay,Brian Dabul,1463.1750325930493
Clay,Andre Ghem,1462.9399755737647
Clay,Gianluca Naso,1462.6894448183582
Clay,Antoine Bellier,1462.6422300868146
Clay,Peter Torebko,1462.6214643457506
Clay,Carlos Moya,1462.5766076978591
Clay,Dineshkanthan Thangarajah,1462.4511571111782
Clay,Robin Kern,1462.0832603086137
Clay,Olivier Patience,1462.0534328849626
Clay,Christopher Eubanks,1461.9025945648393
Clay,Markus Eriksson,1461.880110398303
Clay,Lukasz Kubot,1461.7408043081361
Clay,Di Wu,1461.6886405407113
Clay,Jose Olivares,1461.6491726913077
Clay,Jordi Munoz Abreu,1461.5762173756211
Clay,Sherif Sabry,1461.334494257525
Clay,Muzammil Murtaza,1461.0562169724462
Clay,Filippo Baldi,1461.0541134224848
Clay,Max Purcell,1460.971944430147
Clay,Carlos Berlocq,1460.797625400553
Clay,Nikoloz Basilashvili,1460.5714779225548
Clay,Daniel Alejandro Lopez Cassaccia,1460.3996053264716
Clay,Philip Henning,1460.3303540006275
Clay,Stephane Robert,1460.2903029115719
Clay,Hugo Dellien,1460.210896383782
Clay,Ugo Nastasi,1460.1067636362377
Clay,Sebastian Dominko,1459.6670830141031
Clay,Taro Daniel,1459.619516871312
Clay,Stefano Travaglia,1459.4133955121226
Clay,Felipe Meligeni Alves,1459.3714469073245
Clay,Maxime Janvier,1459.010609849163
Clay,Andrej Nedic,1458.8955258898895
Clay,Gianni Mina,1458.800852020466
Clay,Matthias Bachinger,1458.4697773339906
Clay,Luca Vanni,1458.3638135908104
Clay,Dzmitry Zhyrmont,1458.3379043763412
Clay,Jean Rene Lisnard,1458.0999164182244
Clay,Vladimir Ivanov,1458.0947534867303
Clay,Yasitha De Silva,1458.0777073872493
Clay,Lovro Zovko,1457.9401652868
Clay,Chun Hsin Tseng,1457.76401760188
Clay,Haydn Lewis,1457.6371247643747
Clay,Micke Kontinen,1457.6289402445113
Clay,Alex Michelsen,1457.5731355316448
Clay,Karim Alayli,1457.5619472801532
Clay,Alessandro Giannessi,1457.4215838169248
Clay,Julius Tverijonas,1456.8461504209565
Clay,Maxime Hamou,1456.5615327354865
Clay,Tristan Boyer,1456.4704606195162
Clay,Cecil Mamiit,1456.4316791377878
Clay,Christian Lindell,1455.4127629077777
Clay,Mate Pavic,1455.4036460133918
Clay,Tomislav Brkic,1454.8656453994643
Clay,Martijn Van Haasteren,1454.5431492903472
Clay,David Guez,1454.409325244506
Clay,Vitaliy Sachko,1453.9227616758565
Clay,Otto Virtanen,1453.8356241183858
Clay,Gustavo Heide,1453.6667065197803
Clay,Adrian Menendez Maceiras,1453.5495196464713
Clay,Andreas Vinciguerra,1453.267810807735
Clay,Juan Borba,1453.2588641170944
Clay,Daniel Evans,1453.1601749176
Clay,Sandro Ehrat,1452.8007281174416
Clay,Luca Nardi,1452.2445462298833
Clay,Karim Mohamed Maamoun,1452.1927122040354
Clay,Matteo Viola,1452.143264827276
Clay,Dennis Novak,1451.6842800873271
Clay,Florent Serra,1451.2130082162087
Clay,Rogerio Dutra Silva,1451.0159860668314
Clay,Ivan Navarro,1450.901870572682
Clay,Juncheng Shang,1450.830765779439
Clay,Christopher Oconnell,1450.7848925557762
Clay,Rik De Voest,1450.3726093249795
Clay,Daniel Koellerer,1450.1960785936008
Clay,Julien Benneteau,1449.9447268093609
Clay,Mirza Basic,1449.8652982071656
Clay,Patrick Kypson,1449.799714483842
Clay,Ricardo Mello,1449.58330832783
Clay,Vincent Millot,1449.4214604993551
Clay,Feliciano Lopez,1449.3544137495003
Clay,Joao Sousa,1449.202141799619
Clay,Mate Delic,1449.1947973394276
Clay,Giulio Zeppieri,1449.1763189791477
Clay,Mischa Zverev,1449.166310479616
Clay,Giovanni Lapentti,1448.533975387298
Clay,Seanon Williams,1448.501879751995
Clay,Kimmer Coppejans,1448.3339136935822
Clay,Pedro Sousa,1448.3269856854631
Clay,Inigo Cervantes Huegun,1448.1472783860534
Clay,Filip Horansky,1448.0670470733412
Clay,Learner Tien,1447.8619303593703
Clay,Edouard Roger-Vasselin,1447.6552608813229
Clay,James Ward,1447.5126340303366
Clay,Michael Yani,1447.2409574662543
Clay,Andy Roddick,1446.8935188957025
Clay,Marcos Daniel,1446.8896544263748
Clay,Ignacio Carou,1446.4761149224828
Clay,Guillaume Rufin,1446.3385491037393
Clay,Max Hans Rehberg,1446.178656143249
Clay,Dustin Brown,1446.110162524648
Clay,Ricardas Berankis,1445.4693953215306
Clay,Daniel Elahi Galan,1444.9593970691835
Clay,Paul Capdeville,1444.824382805517
Clay,Yasir Khan,1444.8225556679768
Clay,Gerard Granollers,1444.7144677351878
Clay,Tatsuma Ito,1444.5130493729266
Clay,Jesse Levine,1444.3566885912107
Clay,Nino Serdarusic,1443.8639575101452
Clay,Roberto Cid,1442.995709480012
Clay,Agustin Velotti,1442.7339115087898
Clay,Nikolay Davydenko,1442.7275959095896
Clay,Ryan Harrison,1442.4546452903282
Clay,Igor Andreev,1441.9035142993741
Clay,Flavio Cipolla,1441.7877812813892
Clay,Peter Gojowczyk,1440.9614235357358
Clay,Karol Beck,1440.0141624109567
Clay,Guido Andreozzi,1439.719451602562
Clay,Jose Hernandez,1439.5681059258527
Clay,Uladzimir Ignatik,1438.634703999812
Clay,Borna Gojo,1438.4517176230352
Clay,Ugo Humbert,1437.9921288894577
Clay,Ernesto Escobedo,1437.56286939957
Clay,Christophe Rochus,1437.2534295103744
Clay,Rainer Schuettler,1437.2448329743695
Clay,Thiago Alves,1437.0713809585097
Clay,Andreas Haider Maurer,1436.6464038991292
Clay,Simon Greul,1436.1239726092379
Clay,James Blake,1435.7720467730244
Clay,Tim Smyczek,1435.5542120268776
Clay,Antonio Veic,1434.6963604082507
Clay,Robert Kendrick,1434.419756783799
Clay,Jordan Thompson,1434.1425037579295
Clay,Nicolas Lapentti,1433.7945673592415
Clay,Mehdi Ziadi,1432.533677127283
Clay,Igor Sijsling,1432.481132484935
Clay,Marinko Matosevic,1432.3636684419846
Clay,Lloyd Harris,1431.823465150044
Clay,Andrey Golubev,1431.7663990371157
Clay,Alejandro Falla,1431.5692492816831
Clay,Go Soeda,1431.5155341989878
Clay,Aleksandr Nedovyesov,1430.830165980615
Clay,Somdev Devvarman,1430.596750954559
Clay,Philipp Petzschner,1429.9963451513186
Clay,Andreas Seppi,1429.7273727890692
Clay,Santiago Ventura,1429.4939169805502
Clay,Diego Junqueira,1429.1287739922404
Clay,Lleyton Hewitt,1428.0263347091159
Clay,Elliot Benchetrit,1427.7988738629756
Clay,Bradley Klahn,1427.7897278799594
Clay,Blaz Kavcic,1426.4016849586183
Clay,Peter Polansky,1426.0777428981041
Clay,Mackenzie Mcdonald,1423.0773569569467
Clay,Federico Zeballos,1421.9560663002585
Clay,Marc Andrea Huesler,1421.6828939439272
Clay,Marko Topo,1421.2877615407385
Clay,Yuichi Sugita,1421.1962921232393
Clay,Tennys Sandgren,1420.7817361334094
Clay,Salvatore Caruso,1419.650756901382
Clay,Constant Lestienne,1418.9483699046732
Clay,Aleksandar Vukic,1417.308262778842
Clay,Bu Yunchaokete,1417.287104746753
Clay,Yen Hsun Lu,1416.9888503192833
Clay,Paolo Lorenzi,1414.7190888211146
Clay,Marc Gicquel,1414.4103971999507
Clay,Javier Marti,1413.5271974716352
Clay,Alejandro Gonzalez,1413.5193153396604
Clay,Martin Fischer,1412.8203887043828
Clay,Frank Dancevic,1411.0936933635342
Clay,Franko Skugor,1411.0340706850595
Clay,Xavier Malisse,1410.99366840419
Clay,Oscar Hernandez,1410.762904747501
Clay,Eric Prodon,1410.4868796852559
Clay,Evgeny Korolev,1409.9736313731032
Clay,Elias Ymer,1409.7391465839728
Clay,Martin Cuevas,1409.7348416321083
Clay,Guilherme Clezar,1409.5665485945449
Clay,Nicolas Massu,1408.476369969584
Clay,Martin Landaluce,1407.5427567111356
Clay,Rui Machado,1406.30288385285
Clay,Michael Russell,1403.4935001506667
Clay,Mikhail Kukushkin,1403.3179155318862
Clay,Julian Reister,1403.2508754144744
Clay,Benoit Paire,1403.0395433734755
Clay,Maximo Gonzalez,1402.06103358485
Clay,Rinky Hijikata,1401.768327598538
Clay,Thomas Fabbiano,1401.196026504107
Clay,Maxime Cressy,1400.9096260919848
Clay,Pere Riba,1400.7540723633365
Clay,Victor Crivoi,1400.0790194444094
Clay,Alex Bogomolov Jr,1400.032841744134
Clay,Igor Kunitsyn,1398.9927577041153
Clay,Marsel Ilhan,1396.8341013912657
Clay,Steven Diez,1396.7931450765502
Clay,Evgeny Donskoy,1396.204740118316
Clay,Denis Kudla,1395.7274041165947
Clay,Marcos Baghdatis,1395.271633846891
Clay,Marco Chiudinelli,1394.1770875715822
Clay,Benjamin Becker,1389.924495445719
Clay,James Duckworth,1389.9186717155442
Clay,Donald Young,1389.52932854335
Clay,Michael Berrer,1389.0476963943343
Clay,Aleksandar Kovacevic,1385.961085557018
Clay,Illya Marchenko,1385.8091362409366
Clay,Kenny De Schepper,1385.3813527811576
Clay,Adrian Ungur,1383.0707325582298
Clay,Lukas Lacko,1382.536249973737
Clay,Joao Souza,1382.2513666218686
Clay,Michal Przysiezny,1377.131654774857
Clay,Mikhail Youzhny,1376.791124771074
Clay,Andreas Beck,1375.890289135017
Clay,Facundo Arguello,1375.7093971411014
Clay,Marius Copil,1374.7409276355463
Clay,Olivier Rochus,1372.6860836255003
Clay,Cem Ilkel,1369.98659570015
Clay,Bernard Tomic,1365.9991908527695
Clay,Daniel Munoz de la Nava,1360.236284811537
Clay,Peter Luczak,1354.8565511332051
Clay,Matthew Ebden,1351.2213265521657
Clay,Filippo Volandri,1349.8688485333664
Clay,Ruben Ramirez Hidalgo,1342.0063325033711
Clay,Vasek Pospisil,1317.8174468172133
Clay,Dudi Sela,1305.564901190992
Clay,Adrian Mannarino,1286.9904830491785
Grass,Novak Djokovic,2008.3576887356792
Grass,Roger Federer,1925.4475308947283
Grass,Carlos Alcaraz,1921.7766324499216
Grass,Jannik Sinner,1855.7600305857989
Grass,Rafael Nadal,1843.0847543212199
Grass,Taylor Fritz,1800.5421963445476
Grass,Marin Cilic,1776.0316382416543
Grass,Kevin Anderson,1749.022590537703
Grass,Matteo Berrettini,1746.3672348790078
Grass,Milos Raonic,1732.147233384609
Grass,Daniil Medvedev,1727.8752082411847
Grass,Juan Martin del Potro,1726.637784798524
Grass,Nick Kyrgios,1720.3475745868225
Grass,Alex De Minaur,1715.9221763421815
Grass,Andy Murray,1708.6078266420793
Grass,Tomas Berdych,1704.5274457401656
Grass,Alexander Bublik,1700.312305778807
Grass,Hubert Hurkacz,1693.8131370362908
Grass,Alexander Zverev,1688.5176367208887
Grass,Mardy Fish,1680.4815226780806
Grass,John Isner,1668.435995089358
Grass,Jo-Wilfried Tsonga,1667.0685123457029
Grass,Roberto Bautista Agut,1666.0527190674227
Grass,Tommy Paul,1665.8708029329994
Grass,Andrey Rublev,1664.9405768601634
Grass,Grigor Dimitrov,1662.8272122509773
Grass,Gilles Muller,1661.1051578987665
Grass,Kei Nishikori,1660.4097847868502
Grass,Karen Khachanov,1660.3697092289365
Grass,Lorenzo Musetti,1659.6083390266267
Grass,Cameron Norrie,1655.0665953533655
Grass,Jack Draper,1646.1317064422792
Grass,Andy Roddick,1643.6310024832205
Grass,Xavier Malisse,1634.9950896018358
Grass,Lleyton Hewitt,1626.4649387392762
Grass,Tallon Griekspoor,1623.7684406023009
Grass,Nicolas Mahut,1620.1025126889526
Grass,Sebastian Korda,1614.4445649753002
Grass,Jordan Thompson,1614.2197909161678
Grass,Lucas Pouille,1612.9200766214685
Grass,Marton Fucsovics,1611.2586865655119
Grass,Jiri Lehecka,1607.885883901138
Grass,Jan Lennard Struff,1606.8098858485575
Grass,Sam Querrey,1605.6444821229686
Grass,Flavio Cobolli,1601.9561086782005
Grass,Adrian Mannarino,1597.9126637027744
Grass,Jiri Vesely,1595.1142391740354
Grass,Jerzy Janowicz,1593.3486017323307
Grass,Tim Van Rijthoven,1592.3821823685416
Grass,Lorenzo Sonego,1588.147142134664
Grass,Holger Rune,1588.0480780915173
Grass,Brandon Nakashima,1587.9031137855893
Grass,Marcos Giron,1586.2106180081541
Grass,Gabriel Diallo,1583.3700284767813
Grass,David Goffin,1583.1369047002522
Grass,Robin Soderling,1582.8579881352157
Grass,Felix Auger Aliassime,1582.556734107184
Grass,Florian Mayer,1581.8204500191632
Grass,Frances Tiafoe,1581.5921151746961
Grass,Ben Shelton,1580.8543534713383
Grass,Ramkumar Ramanathan,1578.3004498262262
Grass,Jenson Brooksby,1577.1122649877725
Grass,Michael Llodra,1576.1850846461177
Grass,Steve Johnson,1571.2831225058715
Grass,Bernard Tomic,1569.3778442786174
Grass,Ugo Humbert,1568.1769646171751
Grass,Alejandro Tabilo,1567.1801724544357
Grass,Radek Stepanek,1567.0951497178457
Grass,Corentin Moutet,1566.4345595596194
Grass,Stan Wawrinka,1566.2483821703368
Grass,Gael Monfils,1565.5097520209342
Grass,Thomas Fabbiano,1565.1982786839503
Grass,David Ferrer,1564.90370032995
Grass,Alex Michelsen,1562.2363806522267
Grass,Ivan Dodig,1559.3910729101626
Grass,Arthur Fils,1557.5857354584743
Grass,Richard Gasquet,1557.0244031906857
Grass,Philipp Kohlschreiber,1556.9165459057563
Grass,Feliciano Lopez,1556.2547905418614
Grass,Christopher Eubanks,1555.5053027334436
Grass,Nicolas Jarry,1554.5732202702095
Grass,David Nalbandian,1553.714790954564
Grass,Mischa Zverev,1553.3524008983325
Grass,Ivo Karlovic,1552.1627016150062
Grass,Jurgen Melzer,1551.64975773482
Grass,Cristian Garin,1551.5742512212546
Grass,Andreas Seppi,1551.5574115119055
Grass,Stefanos Tsitsipas,1550.6981835774714
Grass,Alexandr Dolgopolov,1549.1428013503478
Grass,Alejandro Davidovich Fokina,1546.0212573199499
Grass,Nikoloz Basilashvili,1545.6110385077782
Grass,Philipp Petzschner,1545.4646699415796
Grass,Aqeel Khan,1544.2624896038644
Grass,Jack Sock,1544.1862006930583
Grass,Tommy Haas,1543.9740008548313
Grass,Dudi Sela,1543.1615322402176
Grass,Marcos Baghdatis,1542.400397746544
Grass,Denis Kudla,1540.6375642843172
Grass,Miomir Kecmanovic,1540.4785740894984
Grass,Arthur Rinderknech,1539.888635845901
Grass,Tennys Sandgren,1538.6784575121155
Grass,Sam Groth,1537.7588595063967
Grass,Lukasz Kubot,1536.6281357184628
Grass,Jason Kubler,1535.305387471666
Grass,Dustin Brown,1535.2822883923434
Grass,Simone Bolelli,1534.9666299940848
Grass,Marcel Granollers,1534.9223230734362
Grass,Fabio Fognini,1534.789245738143
Grass,Guido Pella,1534.7556226194379
Grass,Gilles Simon,1533.4065807908228
Grass,Antoine Bellier,1533.1780199040522
Grass,August Holmgren,1532.7700774415755
Grass,Kamil Majchrzak,1532.1100983689312
Grass,Michael Yani,1531.8309338926338
Grass,Sebastian Ofner,1531.6066047827285
Grass,Julien Benneteau,1531.4709932022483
Grass,Jan Hernych,1530.2999179043627
Grass,Oscar Otte,1529.8580184453767
Grass,Ilya Ivashka,1529.467357783562
Grass,Nicolas Almagro,1528.7855302109879
Grass,Benoit Paire,1528.029809026827
Grass,Filip Krajinovic,1527.8617234296355
Grass,Yosuke Watanuki,1527.5192290233754
Grass,Denis Shapovalov,1527.1354228448365
Grass,Juncheng Shang,1526.5005345808408
Grass,Fernando Gonzalez,1525.8468696228579
Grass,Reilly Opelka,1525.8191997089114
Grass,Tommy Robredo,1525.6016738036185
Grass,Maxime Cressy,1523.7303246762615
Grass,Rainer Schuettler,1522.9165410213418
Grass,Otto Virtanen,1522.8112962245555
Grass,Mikael Ymer,1520.6963202126396
Grass,Emil Ruusuvuori,1519.980064890461
Grass,Grega Zemlja,1519.5692534385332
Grass,Jakub Mensik,1519.3191552226153
Grass,Izak Van Der Merwe,1519.1558311625222
Grass,Daniel Elahi Galan,1518.912303694058
Grass,Brian Baker,1518.5946760156176
Grass,Botic Van De Zandschulp,1518.2685227570328
Grass,Oliver Tarvet,1516.978268783847
Grass,Adam Pavlasek,1516.913134654717
Grass,Daniel Evans,1516.6836790938057
Grass,Borna Coric,1516.2187744188013
Grass,Mackenzie Mcdonald,1516.107822123785
Grass,N Sriram Balaji,1515.8993740558626
Grass,Viktor Troicki,1515.7874296171174
Grass,Juan Monaco,1515.6299496187094
Grass,Fernando Verdasco,1515.5976841011993
Grass,Richard Bloomfield,1514.8044934685108
Grass,Denis Istomin,1514.5520212323179
Grass,Kaichi Uchida,1514.0790077107401
Grass,Daniel King Turner,1514.0
Grass,Saketh Myneni,1514.0
Grass,M Abid Ali Khan Akbar,1514.0
Grass,Khumoun Sultanov,1514.0
Grass,Ji Sung Nam,1514.0
Grass,Niki Kaliyanda Poonacha,1513.809686281148
Grass,Yuta Shimizu,1513.4361717829972
Grass,Quentin Halys,1513.1650037792215
Grass,Raven Klaasen,1512.986463215106
Grass,Learner Tien,1512.8775599950295
Grass,J J Wolf,1512.844082823481
Grass,Benjamin Becker,1512.2211591229686
Grass,Egor Gerasimov,1512.2084864137234
Grass,Pierre Hugues Herbert,1510.807729193901
Grass,Aleksandar Vukic,1510.7555555517413
Grass,Brian Dabul,1510.4636435172877
Grass,Joao Fonseca,1510.387083388109
Grass,Marcus Willis,1510.1141647310294
Grass,Billy Harris,1508.976045219122
Grass,Valentin Royer,1508.971469297262
Grass,Donald Young,1508.6782054608796
Grass,Roman Safiullin,1507.8525142307212
Grass,Matthew Barton,1507.4038719194557
Grass,Gianluca Mager,1506.8438198150143
Grass,Tomas Machac,1506.0169993677027
Grass,Thanasi Kokkinakis,1505.6636311566137
Grass,Giovanni Mpetshi Perricard,1505.275589965949
Grass,Mattia Bellucci,1505.1796223091012
Grass,Yuichi Sugita,1505.0905805415389
Grass,Robin Haase,1504.709688025245
Grass,Thiago Seyboth Wild,1504.5270392541852
Grass,Aisam Ul Haq Qureshi,1504.2764318598918
Grass,Justin Engel,1503.8541657783858
Grass,Steve Darcis,1503.80751948803
Grass,Gregoire Barrere,1503.752074293685
Grass,Mikhail Youzhny,1503.7175148434017
Grass,Ernests Gulbis,1503.0301288991418
Grass,Antoine Hoang,1502.5626919395534
Grass,Arthur Cazaux,1502.5385585454874
Grass,Bjorn Fratangelo,1502.121978728232
Grass,Mohamed Safwat,1501.9959655700536
Grass,Zhizhen Zhang,1501.9391783281164
Grass,Ethan Quinn,1501.9164367900214
Grass,Prakash Amritraj,1501.883551820701
Grass,Ivan Ljubicic,1501.372832457455
Grass,Wishaya Trongcharoenchaikul,1501.3356308359066
Grass,Yong Kyu Lim,1501.125830393065
Grass,Peter Gojowczyk,1501.0167577542056
Grass,Tim Puetz,1500.983514886738
Grass,Tomas Barrios Vera,1500.8116496925682
Grass,Henri Kontinen,1500.4547156716553
Grass,Francisco Comesana,1500.418002918351
Grass,Dominic Stricker,1500.0048537000719
Grass,Brendan Evans,1499.9973100255943
Grass,Rajeev Ram,1499.6277576706982
Grass,Hugo Grenier,1499.5168551457941
Grass,Ryan Peniston,1499.29604027806
Grass,Edouard Roger-Vasselin,1499.2287078538197
Grass,Lukas Lacko,1498.9218205527968
Grass,Gijs Brouwer,1498.8211667010746
Grass,Pavel Kotov,1498.6179459799948
Grass,Lloyd Harris,1498.3344089531677
Grass,Jason Jung,1498.2590776218544
Grass,Akira Santillan,1498.2109684901288
Grass,Sergiy Stakhovsky,1498.1560690613746
Grass,Altug Celikbilek,1497.6333845829527
Grass,Peter Luczak,1497.587710348609
Grass,Javier Marti,1497.4947524203571
Grass,Giles Hussey,1497.4104170414641
Grass,Max Purcell,1497.3131676448586
Grass,Diego Schwartzman,1497.2237739519512
Grass,Benjamin Bonzi,1496.7754290722098
Grass,Andreas Beck,1496.5072149487437
Grass,Tobias Kamke,1495.9720973424487
Grass,Muhammad Shoaib,1495.6052363255205
Grass,Jimmy Wang,1495.3104544063863
Grass,Jeremy Chardy,1494.7365558269971
Grass,Yen Hsun Lu,1494.6109510750418
Grass,John Millman,1494.466428440878
Grass,Jaume Munar,1493.5178371923841
Grass,Raphael Collignon,1493.1756645534897
Grass,Kevin Krawietz,1493.1311494594197
Grass,Leonardo Mayer,1493.1137631272754
Grass,Stefano Napolitano,1491.8928510642454
Grass,Alex Molcan,1491.2287934411984
Grass,Andrej Martin,1490.5743616776224
Grass,Attila Balazs,1490.550922677772
Grass,Christian Harrison,1490.390782337669
Grass,Alexandre Muller,1490.2606914352143
Grass,Jacob Fearnley,1489.9645478465434
Grass,Mark Lajal,1489.7382415962636
Grass,Olivier Rochus,1489.5156123669096
Grass,Ze Zhang,1489.5148027141956
Grass,Dominic Thiem,1489.469868991061
Grass,Johannus Monday,1489.29149268148
Grass,Hiroki Moriya,1488.9808216313413
Grass,Janko Tipsarevic,1488.718296691783
Grass,Kevin King,1488.7153353818571
Grass,Mikhail Kukushkin,1488.6252232612103
Grass,Mats Moraing,1488.3805987834733
Grass,Facundo Arguello,1488.3567710033071
Grass,Johannes Ingildsen,1488.1774670506622
Grass,Laurynas Grigelis,1487.7136157961368
Grass,Christian Sigsgaard,1487.6909940484527
Grass,Muzammil Murtaza,1487.6670830141031
Grass,Martin Alund,1487.654742646775
Grass,Yunseong Chung,1487.5340153237055
Grass,Tristan Schoolkate,1487.3125302928406
Grass,Pierre Ludovic Duclos,1487.2856841211515
Grass,Seydina Andre,1487.267012613469
Grass,Damir Dzumhur,1487.1498768871286
Grass,Matteo Martineau,1487.0034384866542
Grass,Hamad Medjedovic,1486.8254841339308
Grass,Daniel Smethurst,1486.7956115386169
Grass,Ya Nan Ma,1486.7946358806535
Grass,Emilio Nava,1486.5251937576904
Grass,Harold Mayot,1486.4258420011035
Grass,Temur Ismailov,1486.1524648094494
Grass,Coleman Wong,1486.1492609082973
Grass,David Agung Susanto,1486.0954919637302
Grass,Kyle Edmund,1486.0951152610562
Grass,Minjong Park,1486.0
Grass,William Blumberg,1485.9716112531933
Grass,Matthew Ebden,1485.91352258128
Grass,Luciano Darderi,1485.8204168857676
Grass,Bobby Reynolds,1485.7653209342568
Grass,Finn Reynolds,1485.7347821793073
Grass,Eliot Spizzirri,1485.725407659113
Grass,Ante Pavic,1485.683984408503
Grass,Greg Jones,1485.6724329342842
Grass,Riccardo Ghedin,1485.5363488791847
Grass,Edas Butvilas,1485.5118894891186
Grass,Nik Razborsek,1485.4947349696993
Grass,Martin Emmrich,1485.435413118956
Grass,Zachary Svajda,1485.4345677377758
Grass,Jesse Witten,1485.4090077155508
Grass,Dennis Novak,1485.3007347229873
Grass,Dominik Meffert,1485.2165494861042
Grass,Facundo Diaz Acosta,1485.1932006243092
Grass,Artem Sitak,1485.0
Grass,Alexander Ritschard,1484.9476410893296
Grass,Colin Fleming,1484.8781881819257
Grass,Hong Chung,1484.7321176335693
Grass,Tuna Altuna,1484.702005286448
Grass,Nicolas Kicker,1484.6938406029349
Grass,Mikael Torpegaard,1484.5024875241534
Grass,Fabrice Martin,1484.3345495714784
Grass,Tristan Lamasine,1484.2935047991996
Grass,Soon Woo Kwon,1484.15010112773
Grass,Andrea Arnaboldi,1484.1148774572566
Grass,Elmer Moller,1484.1054084604405
Grass,Daniel Koellerer,1484.0
Grass,Noam Okun,1484.0
Grass,Rameez Junaid,1484.0
Grass,Giovanni Lapentti,1484.0
Grass,Christophe Rochus,1484.0
Grass,Stephane Bohli,1484.0
Grass,Sasi Kumar Mukund,1484.0
Grass,Thai Son Kwiatkowski,1483.9869682899014
Grass,Ergi Kirkin,1483.8639508414242
Grass,Casper Ruud,1483.8185354430993
Grass,Rohan Bopanna,1483.716617270492
Grass,Mate Pavic,1483.6618438669036
Grass,Alexander Peya,1483.611598247994
Grass,Sho Shimabukuro,1483.5348486617027
Grass,Filip Misolic,1483.4497547932992
Grass,Juan Manuel Cerundolo,1483.4224071237243
Grass,Marc Polmans,1483.386448943085
Grass,Alexander Slabinsky,1483.3703937375278
Grass,Jurij Rodionov,1483.3417738015205
Grass,Sergei Bubka,1483.2829722505612
Grass,Simon Stadler,1483.263693206478
Grass,Kevin Kim,1483.263693206478
Grass,Ludovic Walter,1483.1765335515183
Grass,Edward Corrie,1483.0128418199888
Grass,Paul Capdeville,1482.8725504538852
Grass,Clay Thompson,1482.7944450760122
Grass,Amir Weintraub,1482.7233108292246
Grass,Louis Wessels,1482.68093280206
Grass,Alexander Blockx,1482.6760802611336
Grass,Frederik Nielsen,1482.6521742383934
Grass,Filip Horansky,1482.5082421430857
Grass,Chris Rodesch,1482.4187529007422
Grass,Matt Reid,1482.4180575152575
Grass,Edouard Roger Vasselin,1482.3478420755537
Grass,Vit Kopriva,1482.1754430780488
Grass,Jaime Faria,1482.1328599231776
Grass,Sebastian Decoud,1482.1193360430784
Grass,Pedro Sousa,1482.0194134642907
Grass,Michael Mmoh,1481.985363487125
Grass,Zdenek Kolar,1481.867133958031
Grass,Dennis Novikov,1481.765772069235
Grass,Ivan Navarro,1481.7052744474277
Grass,Pedro Cachin,1481.5870494715423
Grass,Rik De Voest,1481.4855270800567
Grass,Evgeny Kirillov,1481.3200419762036
Grass,Brandon Holt,1481.137121777424
Grass,Niels Desein,1480.73163845749
Grass,Jack Pinnington Jones,1480.670845373189
Grass,Roberto Quiroz,1480.060208573335
Grass,Guillermo Alcaide,1480.007665686021
Grass,Conor Niland,1479.909822876662
Grass,Alejandro Falla,1479.826131620725
Grass,Vishnu Vardhan,1479.7845950099872
Grass,Felipe Meligeni Alves,1479.773224653152
Grass,Simon Greul,1479.7682580331273
Grass,Beibit Zhukayev,1479.6089842598767
Grass,Yannick Maden,1479.1833091605436
Grass,Josh Goodall,1479.1269075793155
Grass,Nicolas Massu,1479.0
Grass,Ramon Delgado,1479.0
Grass,Oscar Hernandez,1479.0
Grass,Rui Machado,1479.0
Grass,Andrew Whittington,1479.0
Grass,Leandro Riedi,1479.0
Grass,Renzo Olivo,1478.9850504197718
Grass,Sumit Nagal,1478.8448858757856
Grass,Maxime Janvier,1478.8091286593692
Grass,Daniel Masur,1478.6726390076262
Grass,Bastian Knittel,1478.3427509305598
Grass,Marcos Daniel,1478.308197627325
Grass,Yuki Bhambri,1478.1912865599534
Grass,Alejandro Moro Canas,1478.07911669663
Grass,Nicolas Kiefer,1478.0604426917844
Grass,Sanjar Fayziev,1478.0330602970141
Grass,Juan Pablo Varillas,1478.0116859605214
Grass,Laurent Lokoli,1477.9794348199782
Grass,Marco Trungelliti,1477.6517276917323
Grass,Guillaume Rufin,1477.3864751036076
Grass,Kimmer Coppejans,1477.2565852474293
Grass,Hugo Gaston,1477.2212243488684
Grass,Stefan Koubek,1477.202998287955
Grass,Joao Souza,1477.187910948428
Grass,Oliver Crawford,1477.0302799018546
Grass,Alastair Gray,1476.738128815784
Grass,Bjorn Phau,1476.4414638519186
Grass,Hyeon Chung,1476.1198441738518
Grass,Giulio Zeppieri,1476.0429945604703
Grass,Carlos Taberner,1475.8257632753584
Grass,Vincent Millot,1475.537887104992
Grass,Inigo Cervantes Huegun,1474.9523572001237
Grass,John Patrick Smith,1474.6221284834166
Grass,Jesse Huta Galung,1474.4756943214
Grass,Seong Chan Hong,1474.2537845757552
Grass,Ricardo Mello,1474.043829083071
Grass,Matteo Viola,1473.9938671583366
Grass,Tatsuma Ito,1473.9807300889022
Grass,Luca Vanni,1473.8336617230866
Grass,Gunawan Trismuwantara,1473.1416897654776
Grass,Ilija Bozoljac,1472.8874403878883
Grass,Jose Rubin Statham,1472.8725716521644
Grass,Andrea Vavassori,1472.8678248696315
Grass,Di Wu,1472.8522337878107
Grass,Zizou Bergs,1472.733993457564
Grass,Frank Dancevic,1472.5947075854885
Grass,Lukas Klein,1472.2911174852445
Grass,Nikolay Davydenko,1472.1474390000053
Grass,Rinky Hijikata,1472.0047965481115
Grass,Paul Henri Mathieu,1471.7680060038424
Grass,Kenny De Schepper,1471.7613613875528
Grass,Rhyne Williams,1471.5302915605228
Grass,Aleksandar Kovacevic,1471.5231506210166
Grass,Nicola Kuhn,1471.4224608247625
Grass,Kittipong Wachiramanowong,1471.3260831809282
Grass,Nicolas Jadoun,1470.7585489014555
Grass,James Duckworth,1470.6838915496191
Grass,Chris Guccione,1470.573379428903
Grass,Christopher Oconnell,1470.4794917269737
Grass,Arnaud Clement,1470.4508557403108
Grass,Ergun Zorlu,1470.3570805898423
Grass,Adam Walton,1470.334257465427
Grass,Luke Saville,1470.0694243718337
Grass,Aslan Karatsev,1469.7603138097045
Grass,Stefan Kozlov,1469.7589317164754
Grass,Enzo Couacaud,1469.7290585192825
Grass,Abedallah Shelbayh,1469.6713678477183
Grass,Taylor Dent,1469.5284511480636
Grass,Yibing Wu,1469.3934351655919
Grass,Adrien Bossel,1469.1465286215762
Grass,Alex Bogdanovic,1468.9722729219068
Grass,Li Tu,1468.901732485915
Grass,Martin Fischer,1468.7671085310974
Grass,Charles Broom,1468.6452647333238
Grass,Jaroslav Pospisil,1468.305226594072
Grass,Francisco Cerundolo,1468.2756292513827
Grass,Jared Donaldson,1468.2049157176527
Grass,Julian Reister,1468.0375244953125
Grass,Andrey Kuznetsov,1467.981295911662
Grass,Jamie Baker,1467.8284687740145
Grass,Viktor Galovic,1467.7936265417434
Grass,Yannick Hanfmann,1467.5398065865718
Grass,Mikhail Ledovskikh,1466.5883429279493
Grass,Alexander Kudryavtsev,1466.3085423687971
Grass,Ernesto Escobedo,1466.067849812031
Grass,Aleksandr Nedovyesov,1465.7411494367777
Grass,Jesper De Jong,1465.706629595647
Grass,Bu Yunchaokete,1465.4761047726709
Grass,Farrukh Dustov,1465.3844630447263
Grass,Kristof Vliegen,1465.0088610475145
Grass,Aljaz Bedene,1464.590395311099
Grass,Santiago Giraldo,1464.3446037671551
Grass,Arthur Fery,1464.3244122432816
Grass,Peter Polansky,1464.182287449429
Grass,Igor Andreev,1464.1791952713327
Grass,Nuno Borges,1464.1395898752555
Grass,Jc Aragone,1464.077371924468
Grass,Carsten Ball,1463.9659097601248
Grass,Marsel Ilhan,1463.9208991054597
Grass,Igor Sijsling,1463.9058804439028
Grass,Alex Bogomolov Jr,1463.7060874632286
Grass,Rudolf Molleker,1463.4331962943666
Grass,Adrian Menendez Maceiras,1463.0426867353292
Grass,Albano Olivetti,1462.9811330769123
Grass,Shintaro Mochizuki,1462.8278368250978
Grass,Luca Nardi,1462.7789749299588
Grass,Eduardo Schwank,1462.6944747612986
Grass,Jarkko Nieminen,1462.5490112304974
Grass,Mitchell Krueger,1462.5422043616027
Grass,Robby Ginepri,1462.1622126765394
Grass,Santiago Ventura,1462.1256556160624
Grass,Alejandro Gonzalez,1462.0750087410306
Grass,Ryan Sweeting,1461.9773765902887
Grass,Robert Kendrick,1461.7884380502387
Grass,Mariano Navone,1461.614623936106
Grass,Thiemo De Bakker,1461.5509465377654
Grass,Marco Chiudinelli,1461.2995867996442
Grass,Evgeny Korolev,1461.2665824486014
Grass,James Mccabe,1460.7098560945428
Grass,Austin Krajicek,1460.3916434319283
Grass,Daniel Brands,1460.222479279977
Grass,Marinko Matosevic,1460.1754261922583
Grass,Juan Ignacio Chela,1460.1082987421519
Grass,Luca Van Assche,1459.836620837662
Grass,Juan Carlos Ferrero,1459.4957599285215
Grass,Juan Ignacio Londero,1459.3162313553148
Grass,Noah Rubin,1458.5102676989047
Grass,Borna Gojo,1458.2741974639384
Grass,Henri Laaksonen,1457.8122299770582
Grass,Denis Gremelmayr,1457.5501596948588
Grass,Guido Andreozzi,1457.3188950410106
Grass,Camilo Ugo Carabelli,1457.1066548141548
Grass,Maximilian Marterer,1457.0799931527974
Grass,Stephane Robert,1456.9215484351525
Grass,Henri Squire,1456.8720655967895
Grass,Pedro Martinez,1456.6605860802506
Grass,Mirza Basic,1456.0114145130185
Grass,Salvatore Caruso,1455.8691212926688
Grass,Jozef Kovalik,1455.4859292116973
Grass,Pablo Cuevas,1455.3046185596327
Grass,Jesse Levine,1454.4736747493869
Grass,Paul Jubb,1454.24838357456
Grass,Vasek Pospisil,1453.248277470053
Grass,Cem Ilkel,1453.2475016818428
Grass,Elias Ymer,1453.0570954794982
Grass,Ruben Bemelmans,1452.9220997266127
Grass,Tim Smyczek,1452.5659395827563
Grass,Prajnesh Gunneswaran,1451.8483952790896
Grass,Konstantin Kravchuk,1451.4813952474467
Grass,Blaz Rola,1451.3412854081448
Grass,Guillermo Garcia Lopez,1450.5889770215356
Grass,Michal Przysiezny,1450.0613665515718
Grass,Henry Searle,1449.8195215413975
Grass,Brayden Schnur,1449.6056642519395
Grass,Jan Hajek,1449.555741622708
Grass,Liam Broady,1449.3012410844815
Grass,Marc Andrea Huesler,1449.240506694536
Grass,Karol Beck,1449.1009816764017
Grass,Dominik Koepfer,1448.96401546411
Grass,Alexander Shevchenko,1448.9490348205568
Grass,Fabian Marozsan,1448.8568603837755
Grass,Maximo Gonzalez,1448.4630047936898
Grass,Stefano Travaglia,1448.4066547801658
Grass,Wayne Odesnik,1446.8695388146778
Grass,Oliver Golding,1446.8426440943986
Grass,Nishesh Basavareddy,1446.4474089985217
Grass,Brydan Klein,1444.9865288937315
Grass,Yasutaka Uchiyama,1444.6918651982332
Grass,Lukas Rosol,1444.3633330340592
Grass,Franko Skugor,1444.0694141253584
Grass,Victor Hanescu,1443.9685930848555
Grass,Filippo Volandri,1443.3298604398155
Grass,Florent Serra,1442.8381590181077
Grass,Matthias Bachinger,1442.3600478993992
Grass,Chun Hsin Tseng,1442.1545835230097
Grass,Jurgen Zopp,1441.9050572069993
Grass,Albert Montanes,1441.0657216835762
Grass,Alexander Ward,1440.6021528065078
Grass,Jan Choinski,1440.4844158729602
Grass,Alexei Popyrin,1439.0267166467995
Grass,Marius Copil,1438.9935234913523
Grass,Bradley Klahn,1438.7832398159173
Grass,Matteo Arnaldi,1437.958260562703
Grass,Joao Sousa,1437.5217338223604
Grass,Tomas Martin Etcheverry,1437.3636919491353
Grass,Ruben Ramirez Hidalgo,1437.1419067304828
Grass,Igor Kunitsyn,1436.7383740775156
Grass,Pablo Carreno Busta,1435.8262055251023
Grass,Adrian Ungur,1435.7682247036548
Grass,Michael Russell,1435.7380545111819
Grass,Daniel Altmaier,1435.4437725602147
Grass,Gastao Elias,1435.42946160893
Grass,Cedrik Marcel Stebe,1434.3444542459588
Grass,Norbert Gombos,1433.9211593863097
Grass,Frederico Gil,1433.6214240806369
Grass,Flavio Cipolla,1433.5908408646105
Grass,Thomaz Bellucci,1433.1456530356313
Grass,Somdev Devvarman,1432.6634521467038
Grass,Hugo Dellien,1432.6243595133421
Grass,Alex Kuznetsov,1429.211767691936
Grass,Federico Coria,1428.8614580923102
Grass,Dmitry Tursunov,1428.8336798040464
Grass,Sebastian Baez,1428.6186575856232
Grass,Laslo Djere,1428.3954286830428
Grass,George Loffhagen,1427.988563761452
Grass,Michael Berrer,1426.8219360528326
Grass,Thiago Monteiro,1425.6745468882536
Grass,Daniel Cox,1424.2422074005701
Grass,Teymuraz Gabashvili,1423.6021596045193
Grass,Ricardas Berankis,1422.2357467335873
Grass,Go Soeda,1420.4828874903076
Grass,Constant Lestienne,1417.7014327399684
Grass,Rogerio Dutra Silva,1414.8002246526046
Grass,James Blake,1413.5212421057647
Grass,Pere Riba,1413.4992535806798
Grass,Alex Bolt,1411.3286031627363
Grass,Yoshihito Nishioka,1411.2046401578257
Grass,Marc Gicquel,1410.7920657042314
Grass,Facundo Bagnis,1410.2326796603838
Grass,Potito Starace,1409.0671711141251
Grass,Roberto Carballes Baena,1408.8480127579385
Grass,Andreas Haider Maurer,1408.5742364638832
Grass,Ryan Harrison,1408.559986619606
Grass,Radu Albot,1408.348035901779
Grass,Bernabe Zapata Miralles,1407.2065776136174
Grass,Evgeny Donskoy,1404.5281688067062
Grass,Andrey Golubev,1404.286861443031
Grass,Blaz Kavcic,1401.409729087609
Grass,Victor Estrella,1397.8188223212958
Grass,Illya Marchenko,1397.5264171827246
Grass,Marco Cecchinato,1396.6509981752802
Grass,Carlos Berlocq,1395.095687376401
Grass,Pablo Andujar,1394.7395159351706
Grass,Martin Klizan,1394.392474715885
Grass,Dusan Lajovic,1394.1249433579696
Grass,Horacio Zeballos,1390.134962998809
Grass,Jay Clarke,1389.2060486197734
Grass,Malek Jaziri,1380.9345317511315
Grass,Albert Ramos,1380.3451371025915
Grass,Taro Daniel,1365.1940561939607
Grass,Federico Delbonis,1348.2971070372505
Grass,James Ward,1345.9001576930123
Grass,Paolo Lorenzi,1341.783592557012
Grass,Daniel Gimeno Traver,1339.6769073931264
Hard,Jannik Sinner,2248.4229338888244
Hard,Carlos Alcaraz,2119.1551722122613
Hard,Novak Djokovic,2042.148543196527
Hard,Roger Federer,2004.9830375288789
Hard,Alexander Zverev,1962.8708331472753
Hard,Juan Martin del Potro,1956.885757378617
Hard,Daniil Medvedev,1914.964554705386
Hard,Jack Draper,1907.9543193971358
Hard,Alex De Minaur,1870.020603133591
Hard,Felix Auger Aliassime,1861.1486003805558
Hard,Rafael Nadal,1855.0716064695416
Hard,Ben Shelton,1845.6756985364368
Hard,Arthur Fils,1841.4689916974048
Hard,Robin Soderling,1829.1688730796675
Hard,Learner Tien,1808.7074836607915
Hard,Lorenzo Musetti,1802.2348056240094
Hard,Tommy Paul,1802.1175396584815
Hard,Jiri Lehecka,1796.0525459382336
Hard,Milos Raonic,1795.0126535333484
Hard,Jakub Mensik,1792.2283354960919
Hard,Taylor Fritz,1789.3758840136188
Hard,Francisco Cerundolo,1784.7838857957886
Hard,Holger Rune,1783.775685309278
Hard,Joao Fonseca,1774.697693554522
Hard,Sebastian Korda,1772.4957709315756
Hard,Frances Tiafoe,1770.155359196031
Hard,Nick Kyrgios,1765.647647932234
Hard,Matteo Berrettini,1753.7296319782192
Hard,Ugo Humbert,1745.5525858747058
Hard,Alexander Bublik,1744.6996789977095
Hard,Valentin Vacherot,1744.148729335175
Hard,Grigor Dimitrov,1739.532913328804
Hard,Tomas Machac,1737.0666010581228
Hard,Tomas Berdych,1731.1442747518595
Hard,Alex Michelsen,1730.9360347022464
Hard,Andy Roddick,1729.8135033319588
Hard,Casper Ruud,1727.3255937451734
Hard,Thanasi Kokkinakis,1719.9587750931998
Hard,Andrey Rublev,1714.4626265201844
Hard,Alejandro Davidovich Fokina,1711.5350698488294
Hard,Tallon Griekspoor,1709.0143017218973
Hard,Jeremy Chardy,1707.1708632222371
Hard,Stefanos Tsitsipas,1704.8392730007185
Hard,Cameron Norrie,1703.7246330061755
Hard,Denis Shapovalov,1701.4834323120708
Hard,Alexandr Dolgopolov,1686.5456311669195
Hard,Kei Nishikori,1681.9125070103705
Hard,Marin Cilic,1674.8792781436775
Hard,Arthur Rinderknech,1674.7512308384269
Hard,David Ferrer,1673.7031353623966
Hard,Jaume Munar,1672.8056528948557
Hard,Hubert Hurkacz,1662.8224318706837
Hard,Reilly Opelka,1661.6114225923882
Hard,Gael Monfils,1660.435593320272
Hard,Karen Khachanov,1658.251447636614
Hard,Flavio Cobolli,1657.2025813772905
Hard,Brandon Nakashima,1656.7779863245837
Hard,Zizou Bergs,1654.4434748382491
Hard,Corentin Moutet,1652.6686146775703
Hard,David Nalbandian,1652.5735442682794
Hard,Mardy Fish,1650.9877045377361
Hard,Michael Mmoh,1649.7626082001598
Hard,Hyeon Chung,1648.7996150119532
Hard,Emil Ruusuvuori,1647.7478277683342
Hard,Botic Van De Zandschulp,1646.3999807091311
Hard,Tomas Martin Etcheverry,1645.0057088423152
Hard,Jordan Thompson,1644.779038464896
Hard,Fabian Marozsan,1643.2335929533901
Hard,Jenson Brooksby,1640.5573805221563
Hard,Marcelo Arevalo,1639.7611678129442
Hard,Jo-Wilfried Tsonga,1638.744738296543
Hard,Yannick Hanfmann,1637.0472513576783
Hard,Yibing Wu,1636.1110617150218
Hard,Hamad Medjedovic,1635.0931806023932
Hard,Kamil Majchrzak,1633.5828658991768
Hard,Lorenzo Sonego,1632.5272564815687
Hard,Raphael Collignon,1630.7440279146385
Hard,Andy Murray,1622.2806251674788
Hard,Borna Gojo,1621.2330510150236
Hard,Radek Stepanek,1620.7824141643098
Hard,Julien Benneteau,1620.5846728192998
Hard,Alexander Shevchenko,1620.3956982653915
Hard,Marcos Baghdatis,1620.0059586764582
Hard,Marton Fucsovics,1619.4386785116087
Hard,Dominic Thiem,1618.882366497773
Hard,Ricardas Berankis,1618.7561327305095
Hard,Roman Safiullin,1618.644729867342
Hard,Benjamin Bonzi,1616.96538585835
Hard,Darian King,1615.0722238740639
Hard,Adrian Mannarino,1614.6255787006712
Hard,Kyle Edmund,1605.574520748313
Hard,Coleman Wong,1605.4727715756596
Hard,Eliot Spizzirri,1605.174363259205
Hard,Yosuke Watanuki,1604.6740162964657
Hard,Ilya Ivashka,1604.3774904415527
Hard,Gilles Simon,1603.5763823829036
Hard,Alejandro Tabilo,1603.4382518195775
Hard,Jerzy Janowicz,1602.6740520651254
Hard,Nikolay Davydenko,1602.1174937947267
Hard,Dominik Koepfer,1600.9649845200217
Hard,Pablo Carreno Busta,1599.131271963794
Hard,Gabriel Diallo,1599.0901535238645
Hard,Alex Molcan,1597.6650814588938
Hard,Nuno Borges,1596.2001881787864
Hard,Miomir Kecmanovic,1594.9796230135978
Hard,Soon Woo Kwon,1592.6863751228561
Hard,Sebastian Baez,1592.2080953045952
Hard,Ricardo Rodriguez,1590.9729102379958
Hard,John Isner,1590.374485064094
Hard,Yong Kyu Lim,1589.107013920912
Hard,Rinky Hijikata,1588.2840285016257
Hard,Jurgen Melzer,1587.9688070062844
Hard,Stan Wawrinka,1587.8779440964856
Hard,Marius Copil,1586.0509494119735
Hard,Vasek Pospisil,1585.2453044879303
Hard,Christopher Rungkat,1585.1599540409932
Hard,Lleyton Hewitt,1583.6972318061655
Hard,Tommy Robredo,1583.612332817836
Hard,Marcos Giron,1583.4340911197776
Hard,Philipp Kohlschreiber,1582.633297387676
Hard,Lucas Pouille,1582.5021404469526
Hard,Terence Atmane,1581.7857795702953
Hard,Leandro Riedi,1581.7839527046665
Hard,Daniel Evans,1580.3842963212228
Hard,Lloyd Harris,1579.0431542018305
Hard,Philip Henning,1578.6218983611873
Hard,Juan Monaco,1575.975604032438
Hard,Juncheng Shang,1575.5535639537375
Hard,Quentin Halys,1574.3228569094067
Hard,Mikael Ymer,1574.1599667843368
Hard,Robin Haase,1573.6501938826157
Hard,John Millman,1573.0869342814228
Hard,Alexei Popyrin,1572.0613009348492
Hard,Altug Celikbilek,1569.175683739421
Hard,Pierre Hugues Herbert,1567.9925209079374
Hard,Filip Krajinovic,1567.6513836554034
Hard,Arthur Cazaux,1566.5863028236354
Hard,Martin Damm,1566.2841651576282
Hard,Bernard Tomic,1565.6237421346186
Hard,Nicolas Mahut,1565.4555543152035
Hard,Liam Broady,1563.8627985418518
Hard,Nicolas Almagro,1560.932839451155
Hard,Kevin Anderson,1560.4656621977865
Hard,Nishesh Basavareddy,1559.3336977954457
Hard,Aslan Karatsev,1559.1413596874984
Hard,Tommy Haas,1558.3098872941669
Hard,Jared Donaldson,1557.5006280309403
Hard,Ryan Harrison,1555.9415761441778
Hard,Rafael Jodar,1555.7849016119687
Hard,Yoshihito Nishioka,1555.0649436662425
Hard,Alexandre Muller,1554.902944654474
Hard,Jurij Rodionov,1554.5742488263918
Hard,Liang Chi Huang,1553.6817075061654
Hard,Jerome Kym,1553.0274547898696
Hard,Matteo Arnaldi,1552.9888996426275
Hard,Jack Sock,1552.804685869342
Hard,David Souto,1552.5407300970342
Hard,Harshana Godamanna,1552.3802605668573
Hard,Christopher Oconnell,1551.6137849378383
Hard,Henrique Rocha,1551.474706956775
Hard,Dalibor Svrcina,1551.1772325045454
Hard,Michael Llodra,1551.0706129523494
Hard,Matthew Ebden,1550.9742407676429
Hard,Guido Pella,1550.381456291649
Hard,James Blake,1549.9739498149343
Hard,David Goffin,1549.7291076024962
Hard,Steve Darcis,1549.6100597918416
Hard,Jiri Vesely,1549.3119977394826
Hard,Giovanni Mpetshi Perricard,1547.8145469896137
Hard,Nam Hoang Ly,1546.2482694535126
Hard,Diego Schwartzman,1546.0342074740415
Hard,Radu Albot,1545.0996990287456
Hard,Juan Carlos Ferrero,1544.9779392356515
Hard,Cristian Garin,1543.9098932953464
Hard,Roberto Bautista Agut,1543.8747946402796
Hard,Benjamin Lock,1542.675439010326
Hard,Zsombor Piros,1542.1928723393844
Hard,Matthias Bachinger,1542.058713425791
Hard,Jirat Navasirisomboon,1542.0178230363188
Hard,Nicolas Jarry,1541.8042639235318
Hard,Titouan Droguet,1541.7580694795208
Hard,Uladzimir Ignatik,1541.627244303508
Hard,Andrey Kuznetsov,1540.8471824317116
Hard,Cezar Cretu,1540.4382680337035
Hard,Tristan Boyer,1539.7074510553819
Hard,Jonas Forejtek,1539.55789108706
Hard,Diego Duran,1539.078158502694
Hard,Gonzalo Escobar,1539.0003803890327
Hard,Taha Baadi,1538.787342560542
Hard,Gabriel Ghetu,1538.4085631316782
Hard,Aljaz Bedene,1538.1782324554392
Hard,Amer Delic,1537.4974191658903
Hard,Tucker Vorster,1537.4911337693925
Hard,Dudi Sela,1537.2392864276444
Hard,Roberto Carballes Baena,1536.3765483058723
Hard,Yu Hsiou Hsu,1536.330773178573
Hard,Ethan Quinn,1535.5387987236393
Hard,Jan Lennard Struff,1535.3719011848239
Hard,Luca Nardi,1535.349420152143
Hard,Ivan Ljubicic,1535.2961705131186
Hard,Gilles Muller,1534.7934313417852
Hard,Arthur Gea,1534.5024638448092
Hard,Matthew Barton,1534.1895690078131
Hard,Martin Landaluce,1534.0954142021972
Hard,Martin Klizan,1533.762753282655
Hard,Christopher Diaz Figueroa,1533.5998228622248
Hard,Juan Manuel Cerundolo,1533.5169790048433
Hard,Vladimir Ivanov,1533.2288526576663
Hard,Ilya Snitari,1533.0389348823342
Hard,Gijs Brouwer,1532.7681567342443
Hard,Aqeel Khan,1532.7532418285307
Hard,Luca Van Assche,1532.615612814635
Hard,Daniel Garza,1532.606852353826
Hard,Edouard Roger-Vasselin,1532.5504249961523
Hard,Jack Pinnington Jones,1532.3325786401783
Hard,Pruchya Isarow,1532.3251733227016
Hard,Ernests Gulbis,1531.3745767399932
Hard,Juan Pablo Ficovich,1531.3700524913263
Hard,Treat Conrad Huey,1531.2584433466475
Hard,Radu David Turcanu,1531.1867942032345
Hard,Robert Strombachs,1531.0730458810358
Hard,Thiago Agustin Tirante,1530.4738081983846
Hard,Dusan Lajovic,1530.1838984515753
Hard,Aleksandar Vukic,1529.047514535688
Hard,Dhakshineswar Suresh,1528.640692996537
Hard,Conor Niland,1528.5338026087281
Hard,Alex Bolt,1527.8337883901731
Hard,Aleksandar Kovacevic,1527.8322389006275
Hard,Hyun Joon Kim,1527.7938136194055
Hard,West Nott,1527.7531513165588
Hard,Alexander Bury,1527.4361717829972
Hard,John Bryan Decasa Otico,1527.4361717829972
Hard,Ammar Elamin,1527.4361717829972
Hard,Karim Bennani,1527.4361717829972
Hard,Daniel Adeleye,1527.4361717829972
Hard,Daniel Alejandro Lopez Cassaccia,1527.1559243320155
Hard,Andres Andrade,1526.9875284685086
Hard,Markus Molder,1526.9114828209792
Hard,Manuel Sanchez,1526.690312138912
Hard,Mohammad Ghareeb,1526.5587809401322
Hard,Dragos Dima,1526.5207047693088
Hard,Elias Ymer,1526.0321334904654
Hard,Aisam Ul Haq Qureshi,1526.0124501600144
Hard,Jonathan Chu,1525.9856664947185
Hard,Martyn Pawelski,1525.9497741611542
Hard,Kasidit Samrej,1525.8697534208306
Hard,Dominic Stricker,1525.5297341545795
Hard,Jack Loutit,1525.3418557283921
Hard,Bu Yunchaokete,1525.1767541009142
Hard,Max Purcell,1525.0770772409742
Hard,Andrea Vavassori,1524.952231521017
Hard,Sylvestre Monnou,1524.8454522606169
Hard,Janko Tipsarevic,1524.493124906509
Hard,Ricardo Ojeda Lara,1524.079180317218
Hard,Joao Sousa,1523.6951678483642
Hard,Otto Virtanen,1523.564452657502
Hard,Danai Udomchoke,1523.5370375449265
Hard,Matwe Middelkoop,1523.4106331772507
Hard,Alex Knaff,1523.3323390833984
Hard,Yassine Dlimi,1523.257837643827
Hard,Blaise Bicknell,1523.159145185012
Hard,Adam Walton,1522.4181958519844
Hard,Elmer Moller,1521.7623875716497
Hard,Jarkko Nieminen,1521.608935305866
Hard,Kittipong Wachiramanowong,1521.2001764386503
Hard,Maxime Cressy,1520.8806158427212
Hard,Leonardo Mayer,1520.829595269058
Hard,Frederik Nielsen,1520.4209358288144
Hard,Somdev Devvarman,1520.0418978653422
Hard,Tung Lin Wu,1519.4378455670785
Hard,Alexander Ritschard,1519.412379018106
Hard,Jesper De Jong,1519.2121474360622
Hard,Guillaume Rufin,1519.0580783792136
Hard,Khumoun Sultanov,1519.014107278448
Hard,Vitaliy Sachko,1518.9727262297945
Hard,Marsel Ilhan,1518.882004529945
Hard,Mackenzie Mcdonald,1518.816164958749
Hard,Beibit Zhukayev,1518.7791754930663
Hard,Miguel Angel Reyes Varela,1518.6435767794983
Hard,Daniel Altmaier,1518.5095405705886
Hard,Richard Gasquet,1518.137066958128
Hard,Nicolas Alvarez,1518.1038486128593
Hard,Jurabek Karimov,1517.791933854703
Hard,Andreas Seppi,1517.7452019435445
Hard,Andrew Whittington,1516.606487408511
Hard,Fitriadi M Rifqi,1516.5946165412322
Hard,Marinko Matosevic,1516.507092735517
Hard,Yanki Erel,1516.4575697449877
Hard,Egor Gerasimov,1516.4568934926465
Hard,Young Jun Kim,1516.4539482698078
Hard,Demetris Azoides,1516.4402236802061
Hard,Luis David Martinez,1516.3891840414146
Hard,Henri Kontinen,1516.3097325637455
Hard,Lukas Neumayer,1515.8932653453062
Hard,Remy Bertola,1515.8483039366338
Hard,Justin Barki,1515.405141392549
Hard,Mark Lajal,1515.324701529906
Hard,James Watt,1515.2553324867781
Hard,Siu Fai Kelvin Lam,1515.0
Hard,Martijn Van Haasteren,1515.0
Hard,Julen Uriguen,1515.0
Hard,Soong Jae Cho,1515.0
Hard,Chris Brandi,1514.9847371155502
Hard,Viktor Troicki,1514.8347146142753
Hard,Hady Habib,1514.7449687376452
Hard,Ivan Sergeyev,1514.7294979764222
Hard,Jan Mertl,1514.6962360834373
Hard,Melios Efstathiou,1514.6302041171334
Hard,Ari Fahresi,1514.5638282170028
Hard,Bruno Abdel Nour,1514.5547330582426
Hard,Hazem Naw,1514.5160152575302
Hard,Hamid Reza Nadaf,1514.45451086221
Hard,Marat Deviatiarov,1514.4206949727907
Hard,Chieh Fu Wang,1514.4030192896537
Hard,Adam Kellner,1514.3230559658857
Hard,Tihomir Grozdanov,1514.2618079490262
Hard,Dimitar Kutrovsky,1514.0625838356318
Hard,Luka Gregorc,1514.0
Hard,Coenie Van Wyk,1514.0
Hard,Jose Benitez,1514.0
Hard,Rogelio Siller,1514.0
Hard,Jorge Aguilar,1514.0
Hard,Aljaz Radinski,1514.0
Hard,Miguel Angel Este,1514.0
Hard,Cristian Rodriguez,1514.0
Hard,Skyler Butts,1514.0
Hard,Sarp Agabigun,1514.0
Hard,Edris Fetisleam,1514.0
Hard,Yuttana Charoenphon,1514.0
Hard,Digvijaypratap Singh,1514.0
Hard,Benedict Badza,1514.0
Hard,Oliver Ojakaar,1514.0
Hard,Freddy Murray,1514.0
Hard,Karan Singh,1514.0
Hard,Atakan Karahan,1514.0
Hard,Mert Naci Turker,1514.0
Hard,Bor Artnak,1514.0
Hard,Faris Zakaryia,1514.0
Hard,Eriks Valeinis,1514.0
Hard,Photos Photiades,1514.0
Hard,Konstantinos Megalemos,1514.0
Hard,Sten Hiiesalu,1514.0
Hard,Maximus Jones,1514.0
Hard,Iliyan Radulov,1513.9664590058073
Hard,Lofo Ramiaramanana,1513.9193394083723
Hard,Colin Fleming,1513.8561637598564
Hard,Austen Childs,1513.7325176105032
Hard,Pawit Sornlaksup,1513.4562137451771
Hard,Mantas Bugailiskis,1513.4459393149707
Hard,Kevin Kung,1513.4450676437823
Hard,Nicolas Xiviller,1513.4361717829972
Hard,Ziga Sesko,1513.4358254122192
Hard,Enrique Olivares,1513.434792616719
Hard,Jean Jacques Rakotohasy,1513.4123076872345
Hard,Francisco Comesana,1513.3954790804623
Hard,Nutthanon Kadchapanan,1513.3749591283593
Hard,Pijus Vaitiekunas,1513.362219137296
Hard,Mazen Osama,1513.356054247744
Hard,Arda Azkara,1513.2930433080367
Hard,Filip Jeff Planinsek,1513.216780265465
Hard,Ioannis Xilas,1513.169830271112
Hard,Vit Kopriva,1513.098372643663
Hard,Matteo Gigante,1513.0276175156657
Hard,Bogdan Borza,1512.9569408857517
Hard,Sunu Wahyu Trijati,1512.8992617022868
Hard,Cleeve Harper,1512.8722330059682
Hard,Anthony Jackie Tang,1512.8389419064229
Hard,Christian Garay,1512.7690873590645
Hard,Alex Llompart,1512.7081762009318
Hard,Alexander Peya,1512.6180360481007
Hard,Edas Butvilas,1512.5959198128169
Hard,Guy Den Ouden,1512.4188388481034
Hard,Yen Hsun Lu,1512.2694450137787
Hard,Mika Brunold,1512.1929662723621
Hard,Steve Johnson,1512.1928348938543
Hard,Laslo Djere,1512.0371566014232
Hard,Rodrigo Banzer,1511.8219354415007
Hard,Youssef Hossam,1511.8207760016476
Hard,Olivier Sajous,1511.4331192172544
Hard,Clement Tabur,1511.3384399875642
Hard,Kacper Zuk,1511.3357438759056
Hard,Kristjan Tamm,1511.0940333739309
Hard,Christopher Eubanks,1510.7765581677188
Hard,Mattia Bellucci,1510.7621677765896
Hard,Donald Young,1510.6375681049374
Hard,Govind Nanda,1510.5497851059595
Hard,Roberto Marcora,1510.5130103056035
Hard,Johnny Arcilla,1510.4952285690758
Hard,Rhett Purcell,1510.3182108354915
Hard,Mathieu Rodrigues,1509.8914387658854
Hard,Illya Marchenko,1509.7521650826773
Hard,Wilfredo Gonzalez,1509.626643996823
Hard,Harry Bourchier,1509.5123977098413
Hard,Jacopo Berrettini,1509.3278684124807
Hard,Thiago Seyboth Wild,1509.2649387444762
Hard,Matija Pecotic,1509.062679790747
Hard,Ergi Kirkin,1509.0539387613233
Hard,Franko Skugor,1508.6639854603757
Hard,Nicolas Alvarez Varona,1508.621384045901
Hard,Chris Rodesch,1508.5344880354598
Hard,Denys Molchanov,1508.4694741848464
Hard,Austin Krajicek,1508.1769398905901
Hard,Alexander Blockx,1507.709931753028
Hard,Clement Reix,1507.3407178987586
Hard,Zhizhen Zhang,1507.0716529632944
Hard,Daniel Brands,1506.9985130995653
Hard,Yi Zhou,1506.6414952672842
Hard,Nicolas Arseneault,1506.5106960564815
Hard,Artem Sitak,1506.43944266589
Hard,Osgar Ohoisin,1505.9153709611676
Hard,Yuki Bhambri,1505.814132417322
Hard,Thomaz Bellucci,1505.754606009963
Hard,Arthur Fery,1505.655871780797
Hard,Younes Rachidi,1505.4939451053363
Hard,Horacio Zeballos,1505.3212139276527
Hard,Adria Soriano Barrera,1504.8595101336482
Hard,Jose Hernandez,1504.7138175482366
Hard,Jaak Poldma,1504.6352094945246
Hard,Wishaya Trongcharoenchaikul,1504.5737992234704
Hard,Mikhail Youzhny,1504.4798353158264
Hard,Karan Rastogi,1504.2657543958005
Hard,Joao Domingues,1504.2507821215793
Hard,Ramon Delgado,1504.216721121273
Hard,Sebastian Dominko,1504.2033256062398
Hard,Patrik Rosenholm,1504.1812342000503
Hard,Omni Kumar,1504.1653412957603
Hard,Moez Echargui,1504.1027752768973
Hard,Rodrigo Arus,1504.0300647488477
Hard,Markus Eriksson,1503.7713236606621
Hard,Rio Noguchi,1503.6399563255418
Hard,Olaf Pieczkowski,1503.599037678793
Hard,Mario Ancic,1503.5018104963701
Hard,Vladyslav Manafov,1503.3298373799196
Hard,Santiago Maresca,1503.3274670807407
Hard,Peter Buldorini,1503.3214797078845
Hard,Filip Horansky,1503.2100656584582
Hard,Francis Casey Alcantara,1503.1824548922868
Hard,Duje Ajdukovic,1502.9924837962478
Hard,Thomas Yaka Kofi Setodji,1502.9151075843747
Hard,Marc Lopez,1502.5031759565343
Hard,Christian Harrison,1502.4454914715013
Hard,Nick Hardt,1502.4081723452746
Hard,Hong Kit Jack Wong,1502.1985488310052
Hard,Olle Wallin,1502.18922600808
Hard,Cayetano March,1502.1025375856784
Hard,Jonathan Mridha,1502.0583227992731
Hard,Juan Carlos Prado Angelo,1501.6733158757656
Hard,Albano Olivetti,1501.6679025372318
Hard,Manuel Guinard,1501.6110730656658
Hard,Alexandros Skorilas,1501.5408956543038
Hard,Gunawan Trismuwantara,1501.5104414913822
Hard,J J Wolf,1501.2704272078154
Hard,Christopher Bulus,1501.2477243895628
Hard,Hans Hach Verdugo,1501.2127202731804
Hard,Nikola Milojevic,1501.0606524396262
Hard,Kuan Yi Lee,1500.952985142605
Hard,Michael Mcclune,1500.945738899161
Hard,Alexander Donski,1500.9007943467723
Hard,Maks Kasnikowski,1500.8472513365728
Hard,Hsin Han Lee,1500.7701903415784
Hard,Petr Nesterov,1500.5219947960868
Hard,Dino Prizmic,1500.3273478500578
Hard,Janez Semrajc,1500.25481326981
Hard,Alejandro Gomez Gb42,1500.1990585370916
Hard,Paolo Lorenzi,1500.1447035118306
Hard,Antso Rakotondramanga,1500.1029109108035
Hard,Duilio Beretta,1500.0408647773586
Hard,Ivan Miranda,1500.0
Hard,Roman Recarte,1500.0
Hard,Alexander Blom,1500.0
Hard,Nicholas Campbell,1499.9980380163652
Hard,Peter Gojowczyk,1499.9782245302163
Hard,Grzegorz Panfil,1499.917961559272
Hard,Nerman Fatic,1499.8991951727078
Hard,Hiu Tung Yu,1499.857700169819
Hard,Ugo Blanchet,1499.8333291579447
Hard,Karim Mohamed Maamoun,1499.807600075231
Hard,Anton Shepp,1499.7497787984078
Hard,Gabi Adrian Boitan,1499.6912317931608
Hard,Karim Maamoun,1499.690287618927
Hard,Petar Jelenic,1499.6748508905812
Hard,Gonzales Austin,1499.6525659144475
Hard,Stylianos Christodoulou,1499.619380245127
Hard,Juan Carlos Ramirez,1499.604053325432
Hard,Nicholas Sayer,1499.6015826479618
Hard,Marcus Daniell,1499.564444438379
Hard,Johannes Ingildsen,1499.5481273267353
Hard,Peter Bertran,1499.4859248200453
Hard,Taylor Dent,1499.4713944280327
Hard,Minh Quan Do,1499.4627924776146
Hard,Andrew Harris,1499.4604675491892
Hard,Marcel Felder,1499.4114209840072
Hard,Michael Bassem Sobhy,1499.3980668653633
Hard,Miguel Gallardo Valles,1499.3683655750406
Hard,Temur Ismailov,1499.3422074929135
Hard,Alan Fernando Rubio Fierros,1499.332474966265
Hard,Kyrian Jacquet,1499.3146762427996
Hard,Taym Al Azmeh,1499.3050143843952
Hard,Jaime Faria,1499.2453340122415
Hard,Diego Galeano,1499.240437836636
Hard,Peter Bothwell,1499.1611158374642
Hard,Mikael Torpegaard,1499.0622753240993
Hard,Ainius Sabaliauskas,1499.051503736529
Hard,Younes El Aynaoui,1499.0
Hard,Jose Olivares,1498.948303786329
Hard,Maxim Mrva,1498.9185294404908
Hard,Connor Henry Van Schalkwyk,1498.8510813373307
Hard,Daniele Bracciali,1498.8333016646955
Hard,Oleksandr Ovcharenko,1498.5657486815292
Hard,Jhonson Garcia,1498.564838901434
Hard,Gabor Borsos,1498.5480325959297
Hard,Nicolas Renavand,1498.5334354441866
Hard,Komlavi Loglo,1498.399995986954
Hard,Daniel Phillips,1498.3609249755425
Hard,Dovydas Sakinis,1498.2285928231358
Hard,Alen Avidzba,1498.2176740318828
Hard,Luis Carlos Alvarez,1498.113430514696
Hard,Thomas Oger,1498.0488395467628
Hard,Pablo Llamas Ruiz,1497.9730324585855
Hard,Guido Andreozzi,1497.9506871290334
Hard,Tristan Lamasine,1497.8905732631063
Hard,Peter Nagy,1497.7941336138917
Hard,Aristotelis Thanos,1497.783970817579
Hard,Nicola Kuhn,1497.7047697653927
Hard,Franco Roncadelli,1497.6217327498541
Hard,Kyu Tae Im,1497.589668210063
Hard,Dmitry Tursunov,1497.5892711360377
Hard,Izak Van Der Merwe,1497.543498435655
Hard,Stefan Koubek,1497.4629355795246
Hard,Phillip King,1497.4551760434383
Hard,Facundo Diaz Acosta,1497.4289412158025
Hard,Duck Hee Lee,1497.378094530776
Hard,Romain Arneodo,1497.368646160073
Hard,Abd Hazli Bin Zainuddin,1497.3354646310902
Hard,Jui Chen Hung,1497.2914477825302
Hard,Alex Diaz,1497.283674118857
Hard,Joel Schwaerzler,1497.2493657522832
Hard,Jie Cui,1497.237575577054
Hard,Lukas Hellum Lilleengen,1497.2060679454312
Hard,Roberto Cid,1497.1506190504972
Hard,Ofek Shimanov ,1497.149326708015
Hard,M Abid Ali Khan Akbar,1496.8289721232068
Hard,Gyorgy Balazs,1496.7281396683898
Hard,Liova Ayite Ajavon,1496.5824867989425
Hard,Wayne Montgomery,1496.5294793299986
Hard,Scott Griekspoor,1496.5139792333057
Hard,Arthur De Greef,1496.4312268434069
Hard,Florin Mergea,1496.3563875171008
Hard,Fritz Wolmarans,1496.259307249004
Hard,Julio Cesar Campozano,1496.2300194801746
Hard,Jan Satral,1496.0873319432826
Hard,Dane Sweeny,1495.9786945390265
Hard,Juan Sebastian Cabal,1495.8811280523971
Hard,Gerard Campana Lee,1495.8354619575684
Hard,Victor Crivoi,1495.762767126176
Hard,Joachim Johansson,1495.5381773256797
Hard,Moise Kouame,1495.5250467427804
Hard,Patrick Kaukovalta,1495.449314666374
Hard,Peerakiat Siriluethaiwattana,1495.3799337330563
Hard,Sebastian Rieschick,1495.1111767918417
Hard,Daniel King Turner,1494.882316654097
Hard,Felipe Meligeni Alves,1494.7608724174945
Hard,Leonardo Tavares,1494.7516664533812
Hard,Jacob Fearnley,1494.7293060039522
Hard,Nicolas Kicker,1494.7230164568691
Hard,Jason Kubler,1494.5946574982968
Hard,Alexis Galarneau,1494.4305825386468
Hard,Jimmy Wang,1494.3016383449428
Hard,Borna Coric,1494.214163633492
Hard,Jan Zielinski,1494.008634845465
Hard,Arnau Brugues Davi,1493.860839141842
Hard,Julian Lenz,1493.6446959550974
Hard,Robert Lindstedt,1493.635742921833
Hard,Ye Cong Mo,1493.5134444342027
Hard,David Szintai,1493.356066001932
Hard,Abdullah Maqdas,1493.303438173988
Hard,Elliot Benchetrit,1493.2825535643203
Hard,Yassine Idmbarek,1493.2298962232617
Hard,Philip Sekulic,1493.1546369066016
Hard,Federico Agustin Gomez,1492.868043461
Hard,Federico Cina,1492.8088124756662
Hard,Jacob Rasolondrazana,1492.6304156326808
Hard,Andreja Petrovic,1492.4351906331224
Hard,Vishnu Vardhan,1492.2788538062366
Hard,Herkko Pollanen,1492.2361923150795
Hard,Murphy Cassone,1492.1815810175226
Hard,Heve Kelley,1492.1610239165302
Hard,Francesco Maestrelli,1492.1489431766981
Hard,Henri Squire,1492.1074316281597
Hard,Camilo Ugo Carabelli,1492.0411191279595
Hard,Fernando Verdasco,1492.018293503798
Hard,Sanam Singh,1491.9854823254086
Hard,Tomasz Berkieta,1491.9094335343182
Hard,Chuhan Wang,1491.89089706626
Hard,Valentin Royer,1491.8833004179644
Hard,Marin Draganja,1491.7841706482166
Hard,Ilie Cazac,1491.746041198047
Hard,Sam Riffice,1491.7405189658602
Hard,Evan Furness,1491.6258844453162
Hard,Matteo Martineau,1491.5559640012912
Hard,Emilio Nava,1491.5545891267577
Hard,Darwin Blanch,1491.526012024772
Hard,Jean Segodo,1491.4297590304486
Hard,Mousa Shanan Zayed,1491.393071991559
Hard,Wojciech Marek,1491.3337068021563
Hard,Michael Zheng,1491.2894483824996
Hard,Jung Woong Na,1491.2615283863627
Hard,Mario Vilella Martinez,1491.229887106366
Hard,Colin Obrien,1491.1631717111457
Hard,Michael Berrer,1490.9851285735035
Hard,Lukas Rosol,1490.7986606877496
Hard,Jaroslav Pospisil,1490.742986963555
Hard,Yasutaka Uchiyama,1490.654261328878
Hard,Michael Vrbensky,1490.6376674989097
Hard,Joao Menezes,1490.515792490425
Hard,Denis Yevseyev,1490.4335312515582
Hard,Gustavo Heide,1490.4260032237871
Hard,Illia Biloborodko,1490.385529990891
Hard,Carlos Berlocq,1490.3408510380152
Hard,Diego Junqueira,1490.2974199364385
Hard,Alex Rybakov,1490.2910969759225
Hard,Saba Purtseladze,1490.2290595161428
Hard,Soteris Hadjistyllis,1490.2150851628276
Hard,Victor Baluda,1490.2148926935365
Hard,August Holmgren,1490.1565380791164
Hard,Justin Lunn,1490.124323235958
Hard,Luka Pavlovic,1490.0150292529215
Hard,Sergiy Stakhovsky,1489.9718858593665
Hard,Raymond Sarmiento,1489.969616270343
Hard,Alessandro Bega,1489.9660421188303
Hard,Gauthier Onclin,1489.964413498475
Hard,Ervin Eleskovic,1489.956949359659
Hard,Yaraslav Shyla,1489.867423465469
Hard,Yusuke Takahashi,1489.7909067611536
Hard,Antoine Bellier,1489.7107432786445
Hard,Kaichi Uchida,1489.6974831730877
Hard,Kenneth Raisma,1489.66525722846
Hard,Francisco Yim Kim,1489.599532425623
Hard,Fabio Fognini,1489.5185409442643
Hard,Ryan Shane,1489.5061039775305
Hard,Caleb Chakravarthi,1489.4262547940266
Hard,Erik Chvojka,1489.4241585682723
Hard,Yousaf Khalil,1489.3517111265658
Hard,Liam Draxl,1489.2851378258886
Hard,Rudolf Molleker,1489.2339289726742
Hard,Lucas Miedler,1489.1168974423588
Hard,Muzammil Murtaza,1489.0941551159374
Hard,Maxim Dubarenco,1489.0850945209415
Hard,Taro Daniel,1489.0532300205352
Hard,Augustin Gensse,1489.0526620606026
Hard,Amir Omarkhanov,1488.976400698352
Hard,Ivan Ivanov,1488.9755500321608
Hard,Amine Ahouda,1488.9707157793985
Hard,Palaphoom Kovapitukted,1488.9676803560344
Hard,Daniel Merida Aguilar,1488.9665995165021
Hard,Sheil Kotecha,1488.9414679085742
Hard,Muhammad Shoaib,1488.9280466687476
Hard,Luciano Darderi,1488.8828695548705
Hard,Jean Rene Lisnard,1488.834901711368
Hard,Alaa Trifi,1488.8059328135523
Hard,Olivier Rochus,1488.7597379634462
Hard,Juan Alejandro Hernandez Serrano,1488.7161878998852
Hard,Tao Mu,1488.6036264527495
Hard,Maxim Shin,1488.5998659916625
Hard,Miloslav Mecir Jr,1488.5338639464915
Hard,Enzo Couacaud,1488.450418950527
Hard,Jan Hernych,1488.4433695145647
Hard,Toni Androic,1488.394198965886
Hard,Bruno Britez,1488.3844248317334
Hard,Marko Tepavac,1488.3685137896819
Hard,Trent Bryde,1488.3683416399886
Hard,Adam Neff,1488.3327520851324
Hard,Michael Geerts,1488.3225675937565
Hard,Rodrigo Senattore,1488.3064407005609
Hard,Nino Serdarusic,1488.2858708164135
Hard,Philipp Petzschner,1488.241283860338
Hard,Mohd Assri Merzuki,1488.1921709715996
Hard,Alexandre Sidorenko,1488.1196932987566
Hard,Simon Aspelin,1488.0125042929187
Hard,Amer Naow,1487.9639284891189
Hard,Danylo Kalenichenko,1487.9178469290327
Hard,Chak Lam Coleman Wong,1487.9127886245224
Hard,Samir Iftikhar,1487.9097382049556
Hard,Frederico Gil,1487.8178273946073
Hard,Gonzalo Villanueva,1487.7626312795564
Hard,Yunseong Chung,1487.7020338940406
Hard,Kevin Krawietz,1487.6940698640678
Hard,Nenad Zimonjic,1487.678050848395
Hard,Andres Bucaro,1487.6420276890126
Hard,Tomislav Ternar,1487.6378346188435
Hard,Thijs Boogaard,1487.3984305738716
Hard,Andrea Arnaboldi,1487.386924464293
Hard,Farrukh Dustov,1487.384233691361
Hard,Huzaifa Abdul Rehman,1487.3426075930947
Hard,Hong Chung,1487.2517675914087
Hard,David Ekpenyong,1487.2488988267119
Hard,Adam Hornby,1487.2363686477597
Hard,Kris Van Wyk,1487.209840095468
Hard,Sebastian Arcila,1487.1920980341824
Hard,Sekou Bangoura,1487.182351177499
Hard,Siddharth Vishwakarma,1487.1696513682593
Hard,Julius Tverijonas,1487.1503052436155
Hard,Ivo Klec,1487.1335662565486
Hard,Hod'abalo isak Padio,1487.1015687892163
Hard,Tegar Abdi Satrio Wibowo,1487.0711842240205
Hard,Connor Doig,1487.0387563301606
Hard,Artem Dubrivnyy,1487.0103264718102
Hard,Ki Lung Ng,1487.0022889251034
Hard,Tom Diederich,1486.9846284011442
Hard,Sanchai Ratiwatana,1486.9418782822004
Hard,Liam Krall,1486.934502902436
Hard,Codie Schalk Van Schalkwyk,1486.933643703183
Hard,Barry King,1486.8763534359405
Hard,Philipp Oswald,1486.8671498747506
Hard,Daniil Ostapenkov,1486.8349707732245
Hard,Dzmitry Zhyrmont,1486.8171350041544
Hard,Alejandro Moro Canas,1486.7782810646409
Hard,Vilius Gaubas,1486.7452367919727
Hard,Baris Erguden,1486.687726967785
Hard,Luis Carlos Alvarez Valdes,1486.6349238403889
Hard,N Sriram Balaji,1486.6333388337357
Hard,Dac Tien Nguyen,1486.6225741201501
Hard,Egor Matvievici,1486.612468196785
Hard,Jose Perdomo,1486.6058058931728
Hard,Andrej Nedic,1486.5928624465066
Hard,Marcin Matkowski,1486.5638282170028
Hard,Leo Matthysen,1486.5638282170028
Hard,Yacoub Makzoume,1486.5638282170028
Hard,Ilya Ignatov,1486.5638282170028
Hard,Anthony Marshall,1486.5520809073182
Hard,Lucky Candra Kurniawan,1486.541144011567
Hard,Nathan Anthony Barki,1486.530261821888
Hard,Chase Buchanan,1486.5011417013911
Hard,Mauricio Echazu,1486.499578459106
Hard,Marc Van Der Merwe,1486.4963270067994
Hard,Sharmal Dissanayake,1486.3927565865838
Hard,Dominik Hrbaty,1486.3686719528794
Hard,Ching Lam,1486.3558054887392
Hard,Brian Shi,1486.331875589226
Hard,Xin Gao,1486.2768363767882
Hard,canice Abua,1486.2105113911446
Hard,Spencer Newman,1486.1794709468645
Hard,Kyle Johnson,1486.1722997196716
Hard,Siu Chi Nicholas Cheng,1486.1580549863545
Hard,Evgeny Karlovskiy,1486.156773997177
Hard,Syed Mohd Agil Syed Naguib,1486.141569623972
Hard,Austin Smith,1486.1364243195528
Hard,Noah Koffi,1486.10893818544
Hard,Arturs Lazdins,1486.088218606034
Hard,Kwami Stanislas Dussey,1486.0589974766053
Hard,Steyn Dippenaar,1486.0556200974133
Hard,Johann Coles,1486.0413461503572
Hard,Karlis Lejnieks,1486.0306294682816
Hard,Amar Huseinovic,1486.0264604231706
Hard,Andres Martin,1486.0054786037354
Hard,Fredrik Ask,1486.0
Hard,Jesus Francisco Felix,1486.0
Hard,Gino Meeuwsen,1486.0
Hard,Romain Radwan,1486.0
Hard,Jae Min Seol,1486.0
Hard,Carlos Taborga,1486.0
Hard,Mariusz Fyrstenberg,1486.0
Hard,Andres Weisskopf,1486.0
Hard,Mehdi Jdi,1486.0
Hard,Ben Patael,1486.0
Hard,Hernando Jose Escurra Isnardi,1486.0
Hard,Sebastian Quiros,1486.0
Hard,Xavier Lawrence,1486.0
Hard,Julien Cagnina,1486.0
Hard,Roman Hassanov,1486.0
Hard,Amir Hossein Badi,1486.0
Hard,Cheng Yu Yu,1486.0
Hard,Michel Saade,1486.0
Hard,Peter August Anker,1486.0
Hard,Mark Chigaazira,1486.0
Hard,Soufiane El Mesbahi,1486.0
Hard,Yassir Kilani,1486.0
Hard,Gabriel Donev,1486.0
Hard,Nikoloz Davlianidze,1486.0
Hard,Kevin Cheruiyot,1486.0
Hard,Siim Troost,1486.0
Hard,Walid Ahouda,1486.0
Hard,Gillian Osmont,1486.0
Hard,Matavao Fanguna,1486.0
Hard,Luca Preda,1486.0
Hard,Hamza Karmoussi,1486.0
Hard,Kwok Shun Dasson Chan,1486.0
Hard,Min Kyu Song,1486.0
Hard,Jack Cheng,1486.0
Hard,San Hui Sin,1486.0
Hard,Abdulmajeed Bukhari,1486.0
Hard,Abdulmalek Burasais,1486.0
Hard,Ronan Tashinga Mtisi,1486.0
Hard,Rafael De Alba,1486.0
Hard,Eugenio Gonzalez Fitzmaurice,1486.0
Hard,Kodjo Charles Alipoe Tchotchodji,1486.0
Hard,Enmanuel Munoz,1486.0
Hard,Stefan Micov,1486.0
Hard,Marko Aleksovski,1486.0
Hard,Ruben Yssel,1486.0
Hard,Abdulaziz Usmonjonov,1486.0
Hard,Yannik Alvarez,1486.0
Hard,Alibek Kachmazov,1485.950016475164
Hard,Alec Beckley,1485.944403549331
Hard,Danilo Petrovic,1485.9367532268714
Hard,Aymeric Mara,1485.9326610084809
Hard,Philip Hjorth,1485.8914314027852
Hard,Lukas Mugevicius,1485.869311955951
Hard,Nicholas David Ionel,1485.8179391556243
Hard,Suk Young Jeong,1485.7953872277187
Hard,Malek Jaziri,1485.789829164062
Hard,Marcos Lee Chan Baratau,1485.7773630943782
Hard,Sebastian Dominguez,1485.7406811607418
Hard,Philip Davydenko,1485.722501583655
Hard,Emil Reinberg,1485.6977817858544
Hard,Juan Carlos Fuentes Vasquez,1485.6914427284594
Hard,Alberto Lim,1485.688958500144
Hard,Edgars Manusis,1485.6743160204185
Hard,Ammar Faleh Alhogbani,1485.660619003792
Hard,Darko Bojanovic,1485.636843982727
Hard,Oliver Anderson,1485.615823686889
Hard,Juan Lugo,1485.5989431378468
Hard,Rafael Eduardo Gonzalez Retana,1485.5815210692342
Hard,Jaan Kononov,1485.5780630846461
Hard,Mikhail Ledovskikh,1485.5726513606348
Hard,Christopher Koutrouzas,1485.5623123413152
Hard,Anil Yuksel,1485.5509746693826
Hard,Stefan Dostanic,1485.5357970071213
Hard,Andreas Bjerrehus,1485.485624027627
Hard,Andrei Soltoianu,1485.4549436666177
Hard,William Kirkman,1485.4361717829972
Hard,Vaja Uzakov,1485.4314350922932
Hard,Kristijan Janev,1485.4124577398961
Hard,Tzvetan Mihov,1485.395946674568
Hard,Ali Ghareeb,1485.395946674568
Hard,Luis Delgado,1485.3765074116222
Hard,Delmas Ntcha,1485.3763149322397
Hard,Raphael Calzi,1485.3524420485408
Hard,Nour Nehme,1485.3414282842007
Hard,Andy Ram,1485.3305940834312
Hard,Hao Sheng Koay,1485.2990671885725
Hard,Amir Milushev,1485.215720801216
Hard,Sebastien Vidal,1485.198600161047
Hard,Weerapat Doakmaiklee,1485.1617099867174
Hard,Alvaro Guillen Meza,1485.1502309580128
Hard,Ethan Denzel Sibanda,1485.1312984852948
Hard,Alexios Halebian,1485.1247606802701
Hard,Joao Lucas Reis Da Silva,1485.1059251482336
Hard,Linh Giang Trinh,1485.1030404062635
Hard,Dan Martin,1485.0990929137824
Hard,Soren Hess Olesen,1485.0860925421637
Hard,Saud Alhogbani,1485.0755673182068
Hard,Nathan Pasha,1485.0678616041419
Hard,Eric Quigley,1485.0511380628705
Hard,Ahmad Nael Qureshi,1485.0122248516464
Hard,Dmitrii Baskov,1485.009440565804
Hard,Kornel Bardoczky,1485.0
Hard,Cheuk Wai Hui,1485.0
Hard,Juan Enrique Crosa,1485.0
Hard,Mauricio Doria Medina,1485.0
Hard,John Morrissey,1485.0
Hard,Cesar Ramirez,1485.0
Hard,Devin Britton,1484.997053484214
Hard,Luis Patino,1484.9957635974556
Hard,Marko Topo,1484.958320707235
Hard,Ayed Zatar,1484.9443420324822
Hard,Jonathan Eysseric,1484.9273125095806
Hard,Amir Weintraub,1484.9227386163102
Hard,Muhammad Althaf Dhaifullah,1484.8916883782038
Hard,Phillip Simmonds,1484.8834125014994
Hard,Akram El Sallaly,1484.8731578005295
Hard,Zachary Svajda,1484.8577364142552
Hard,Salvador Andres Bolanos,1484.8567164845917
Hard,Marc Andrea Huesler,1484.7951814377016
Hard,Carlos Salamanca,1484.7798974513423
Hard,Jay Clarke,1484.7647306976642
Hard,Rayane Roumane,1484.7002804906713
Hard,Adam Moundir,1484.63785429186
Hard,Andrei Ciumac,1484.6296295758198
Hard,Darius Florin Bragusi,1484.6266171976379
Hard,Yew Ming Si,1484.6173953649543
Hard,Pierre Ludovic Duclos,1484.6144583962248
Hard,Matthew Forbes,1484.5978467497755
Hard,Hugo Nys,1484.5067191983146
Hard,Aleksandre Bakshi,1484.5039884034372
Hard,Riccardo Ghedin,1484.4961308483546
Hard,Prakash Amritraj,1484.4951123014562
Hard,Andrei Daescu,1484.4904329095511
Hard,Marko Djokovic,1484.472601306316
Hard,Bjorn Fratangelo,1484.4554213172064
Hard,Hei Yin Andrew Li,1484.4545282673896
Hard,Yuri Schukin,1484.4301266041448
Hard,Marek Marksoo,1484.4244726101122
Hard,Sandro Ehrat,1484.4163599123415
Hard,Jean Paul Kadangah Kili,1484.357929010893
Hard,Yanaki Milev,1484.3536621917747
Hard,Juan Sebastian Langton,1484.3528000084657
Hard,Chu Huan Yi,1484.3134884180145
Hard,Piero Luisi,1484.2959209395788
Hard,Takuto Niki,1484.2851300054851
Hard,Gilles Arnaud Bailly,1484.2053364870171
Hard,Filip Peliwo,1484.192446051251
Hard,Lluis Miralles,1484.1882342188394
Hard,Raul Garcia,1484.1446780818937
Hard,Ilya Belyaev,1484.1003342578613
Hard,Dieter Kindlmann,1484.094462371143
Hard,Fabrice Santoro,1484.094462371143
Hard,Erling Tveit,1484.0896199525475
Hard,Gilles Kremer,1484.0788984507517
Hard,Cole Gromley,1484.0550787277202
Hard,Maxime Janvier,1484.0550781158188
Hard,Harri Heliovaara,1484.046365238832
Hard,Brendan Evans,1484.0415779642383
Hard,Marc Abdulnour,1484.0291516929117
Hard,Daniil Glinka,1484.0129726094128
Hard,Abdulla Hajji,1484.0
Hard,Santiago Ventura,1484.0
Hard,Ivan Navarro,1484.0
Hard,Nils Langer,1483.9735107919353
Hard,Magloire Yakpa,1483.9338703484964
Hard,Vincent Spadea,1483.907404984339
Hard,Dennis Lajola,1483.8860989931395
Hard,Antoine Escoffier,1483.8607158529408
Hard,Alexis Klegou,1483.8554365085527
Hard,Brydan Klein,1483.8135047626877
Hard,Dimitri Badra,1483.7423405431118
Hard,Eduardo Nava,1483.7325239985676
Hard,Dan Added,1483.7286814780164
Hard,Andres Artunedo Martinavarro,1483.677526918355
Hard,Blake Strode,1483.6670875228845
Hard,Kristijan Mesaros,1483.5686648917115
Hard,Marco Crugnola,1483.518929745514
Hard,Stefano Galvani,1483.5147121252694
Hard,Carlos Taberner,1483.4907752093222
Hard,John Peers,1483.3438786316594
Hard,Sami Ghorbel,1483.3254647061892
Hard,Theo Papamalamis,1483.2945559783
Hard,James Lemke,1483.263693206478
Hard,Evgenii Tiurnev,1483.242585224679
Hard,Quang Huy Ngo,1483.242086680214
Hard,Marcin Gawron,1483.232273633744
Hard,Nicolae Frunza,1483.1604312807633
Hard,Stefano Travaglia,1483.1319737104438
Hard,Deniss Pavlovs,1483.123654088958
Hard,Romain Bogaerts,1483.0362341225223
Hard,Carlos Moya,1482.9909562519817
Hard,Aldin Setkic,1482.9693059948936
Hard,Benjamin Hassan,1482.9642361174472
Hard,Cedrik Marcel Stebe,1482.8923700674748
Hard,Filip Veger,1482.8722739257864
Hard,Emilio Gomez,1482.8008008309057
Hard,Julian Knowle,1482.78189803052
Hard,Kevin Kim,1482.7474008360432
Hard,Yannick Maden,1482.7167226580818
Hard,Matej Dodig,1482.7081459106223
Hard,Manas Dhamne,1482.6864589853124
Hard,Sebo Kiss,1482.574151471477
Hard,Haithem Abid,1482.5697712979609
Hard,Jad Ballout,1482.5121052309978
Hard,Lars Poerschke,1482.4525109497963
Hard,Milos Sekulic,1482.4446357811337
Hard,Kento Takeuchi,1482.4060267468933
Hard,Joao Pedro Sorgi,1482.3969689516662
Hard,Simen Sunde Bratholm,1482.1889639671183
Hard,Marcelo Demoliner,1482.1091377573784
Hard,Javier Marti,1482.083388480849
Hard,Nicolas Meister,1481.9590599467367
Hard,Ismael Changawa Ruwa Mzai,1481.9343027453688
Hard,Harold Mayot,1481.8830748348814
Hard,Daniel Kosakowski,1481.8324506144315
Hard,Karim Hossam,1481.8007842266115
Hard,N Vijay Sundar Prashanth,1481.6605063976658
Hard,Michael Russell,1481.5824629344072
Hard,Gregoire Burquier,1481.5480612168164
Hard,Lucas Andriamasilalao,1481.4452304335343
Hard,Yuta Shimizu,1481.439968560667
Hard,Jack Mingjie Lin,1481.315866922273
Hard,Fabrice Martin,1481.2940188802895
Hard,Facundo Mena,1481.2624845851058
Hard,Thomas Schoorel,1481.1804118928055
Hard,Ulises Blanch,1481.173677441698
Hard,Alan Magadan,1481.1477306196741
Hard,Stefano Napolitano,1481.133011879625
Hard,Benoit Paire,1481.038999479901
Hard,Michael Lammer,1480.9799703075048
Hard,Gian Marco Moroni,1480.9341192565619
Hard,Niels Desein,1480.820854840381
Hard,Bowen Ouyang,1480.7802359051013
Hard,Evan King,1480.7522628851846
Hard,Adrien Bossel,1480.7392975002938
Hard,James Trotter,1480.6903991376792
Hard,Yannick Mertens,1480.5934644946444
Hard,Matheus Pucinelli De Almeida,1480.569639253924
Hard,Lamine Ouahab,1480.4530319384817
Hard,Jeevan Nedunchezhiyan,1480.3400865143751
Hard,Reda El Amrani,1480.2054063256119
Hard,Tim Puetz,1479.99394815396
Hard,Mikhail Biryukov,1479.9530172582943
Hard,Mikhail Elgin,1479.9529730897
Hard,Martins Rocens,1479.8396233155004
Hard,Adrian Andreev,1479.7078763940274
Hard,Ivo Karlovic,1479.5969237543507
Hard,Christian Sigsgaard,1479.4730961338846
Hard,Pablo Andujar,1479.4395850387427
Hard,Ryan Peniston,1479.2377064684815
Hard,Dusan Lojda,1479.220092452202
Hard,Strong Kirchheimer,1479.19616677907
Hard,Simon Stadler,1479.1728754768576
Hard,Thomas Fancutt,1479.149351498552
Hard,Isaac Becroft,1479.1036927725768
Hard,Ricardo Hocevar,1479.0892286250191
Hard,Guillermo Olaso,1479.0867115209157
Hard,Jc Aragone,1479.0133324199703
Hard,Mathias Bourgue,1478.9588666075647
Hard,Mirza Basic,1478.90659812156
Hard,Pablo Cuevas,1478.863627304664
Hard,Lorenzo Giustino,1478.8128219433572
Hard,Nikolai Fidirko,1478.6877572133826
Hard,Micke Kontinen,1478.621617266433
Hard,Inigo Cervantes Huegun,1478.547283947391
Hard,Rafael Arevalo,1478.4905857310896
Hard,Gianluca Mager,1478.4583966793818
Hard,Petros Tsitsipas,1478.4057076855847
Hard,Tennys Sandgren,1478.356755776668
Hard,Brandon Perez,1478.294048573678
Hard,Pedja Krstin,1478.2662093757424
Hard,Blake Mott,1478.054368422455
Hard,Ruben Gonzales,1477.9637413013945
Hard,Patrik Niklas Salminen,1477.867624739988
Hard,Simon Greul,1477.7744729655094
Hard,Henry Bernet,1477.4114619518818
Hard,Frederico Ferreira Silva,1477.2493994635684
Hard,Noah Rubin,1477.0618935277448
Hard,Michael Leong,1476.9699624833388
Hard,Jean Andersen,1476.9366445736994
Hard,Benjamin Hannestad,1476.806053759874
Hard,Viacheslav Bielinskyi,1476.7529707463166
Hard,Daniel Michalski,1476.622308854845
Hard,Jamie Baker,1476.5366521126455
Hard,Giovanni Lapentti,1476.5351211766551
Hard,Amr Elsayed Abdou Ahmed Mohamed,1476.4944609822405
Hard,Romain Jouan,1476.4362660541253
Hard,Murkel Alejandro Dellien Velasco,1476.427661917008
Hard,Julio Silva,1476.3133451202164
Hard,Matic Kriznik,1476.305921499724
Hard,Tsung Hao Huang,1476.30357446693
Hard,Hugo Gaston,1476.302133997041
Hard,Vaclav Safranek,1476.2617347290832
Hard,Philip Bester,1476.2262050975178
Hard,Pak Long Yeung,1476.1747068445482
Hard,Minhtuan Pham,1475.9768860437914
Hard,Adrian Bodmer,1475.9702239680885
Hard,Raven Klaasen,1475.8986849870364
Hard,Simon Carr,1475.8953849541228
Hard,Martin Fischer,1475.7946714686107
Hard,Noam Okun,1475.7328401018913
Hard,Maxime Teixeira,1475.6774483460647
Hard,Feliciano Lopez,1475.5789101242192
Hard,Matthew Foster Estwick,1475.5217533785221
Hard,Ivan Endara,1475.251032188672
Hard,Karl Friberg,1475.1296676538332
Hard,Petar Jovanovic,1475.0966897449687
Hard,Mattias Siimar,1475.076095457658
Hard,Salvatore Caruso,1475.030928170592
Hard,Philip Wilbert Major,1474.9758342579755
Hard,Skander Mansouri,1474.852246905565
Hard,Hsien Yin Peng,1474.7473793470917
Hard,Anthony Susanto,1474.7026484220553
Hard,Tilen Zitnik,1474.5214058152444
Hard,Pablo Nunez,1474.3776793377363
Hard,Luciano Ramazzini,1474.2715723647523
Hard,Josh Goodall,1474.1013547956063
Hard,Christoffer Konigsfeldt,1473.8089606344286
Hard,Mate Delic,1473.7168332791375
Hard,Joaquin  Aguilar Cardozo ,1473.649711107117
Hard,Quinton Vega,1473.3421614178571
Hard,Ariel Behar,1473.1666785489033
Hard,Marko Mesarovic,1473.0419437804671
Hard,Nik Razborsek,1472.9134445831237
Hard,Sasi Kumar Mukund,1472.8370521619254
Hard,Daniel Masur,1472.8341610833647
Hard,Matteo Viola,1472.7229087028509
Hard,Guillermo Garcia Lopez,1472.6627198045787
Hard,Russell Moseley,1472.5638282170028
Hard,Ignacio Parisca,1472.5638282170028
Hard,Slim Hamza,1472.5609576357133
Hard,Francisco Llanes,1472.5555647906742
Hard,Justin Engel,1472.5024065074795
Hard,Davis Rolis,1472.499436849981
Hard,Gerardo Lopez Villasenor,1472.4487905098154
Hard,Dustin Brown,1472.3506566635178
Hard,Daniel Munoz de la Nava,1472.3374064089555
Hard,Sherif Sabry,1472.3368946895273
Hard,Wai Yu Kai,1472.1977357751161
Hard,Tsz Fu Wong,1472.1186683670298
Hard,Tomas Vaise,1471.994457666133
Hard,Franz Luna Lavidalie,1471.9631507397291
Hard,Kristian Pless,1471.9446221556368
Hard,Thomas Kromann,1471.887645482178
Hard,Josselin Ouanna,1471.8284888458309
Hard,Abdulhameed Alshatti,1471.757217065091
Hard,Puriwat Chatpatcharoen,1471.6965303809275
Hard,Dino Marcan,1471.618014916032
Hard,Daniel Cukierman,1471.44567144572
Hard,Amit Vales,1471.387294197462
Hard,Martin Pedersen,1471.3483572660698
Hard,Maximilian Marterer,1471.2588505499527
Hard,Yan Bai,1471.2353185010568
Hard,Rouzbeh Kamran,1471.221817663076
Hard,Mees Rottgering,1471.1664968761897
Hard,Anoosha Shahgholi,1471.0806870233052
Hard,Ognian Kolev,1471.0567398554122
Hard,Philippos Tsangaridis,1471.0402951278563
Hard,Rafa Orantes,1470.9911201877746
Hard,Saketh Myneni,1470.9514924341804
Hard,Vijayant Malik,1470.9195332267298
Hard,Denis Gremelmayr,1470.8644613317313
Hard,Andrei Gorban,1470.8421319923887
Hard,Stian Boretti,1470.8329313001468
Hard,Vladyslav Orlov,1470.827122604186
Hard,Rodrigo Crespo Piedra,1470.8056725710574
Hard,Roberto Quiroz,1470.7389512821455
Hard,Sarvar Ikramov,1470.646524467716
Hard,Thien Nguyen Hoang,1470.5972767631333
Hard,Menelaos Efstathiou,1470.5741046005655
Hard,Hillel Rousseau,1470.4958763400537
Hard,Clement Chidekh,1470.462888022863
Hard,Michael Massih,1470.429753663766
Hard,Filip Cristian Jianu,1470.3836616980811
Hard,Dmitry Popko,1470.3580616528982
Hard,Sergei Bubka,1470.3445475381793
Hard,Adrian Menendez Maceiras,1470.3255201555796
Hard,Cecil Mamiit,1470.2377963841325
Hard,Jean Marc Bazanne,1470.0
Hard,Ranjeet Virali Murugesan,1469.9959495136497
Hard,Daniel Windahl,1469.9312211930621
Hard,Lucas Catarina,1469.8427042764572
Hard,Karim Alayli,1469.8252413716632
Hard,Maxim Bulat,1469.813153380833
Hard,Haluk Akkoyun,1469.8068547405794
Hard,Petru Alexandru Luncanu,1469.6384697180513
Hard,Anis Ghorbel,1469.4372313256426
Hard,Martin Sayer,1469.3543798302694
Hard,Facundo Arguello,1469.2609782007464
Hard,Joris De Loore,1469.2130288699336
Hard,Louk Sorensen,1469.186249480059
Hard,Branko Djuric,1469.14759914023
Hard,Mate Pavic,1469.1139885931416
Hard,Mitchell Krueger,1469.0764955511518
Hard,Mohsen Hossein Zade,1469.0131138662878
Hard,Gonzalo Lama,1468.9261110245336
Hard,Nick Chappell,1468.917617442528
Hard,Alexander Sarkissian,1468.8845573152216
Hard,Greg Jones,1468.8414415183595
Hard,Todor Enev,1468.7614312651035
Hard,Jacob Coenraad De Klerk,1468.6405881055061
Hard,Ignacio Buse,1468.6111571045233
Hard,Timo Nieminen,1468.5519535264916
Hard,George Tsivadze,1468.5269986551727
Hard,Min Hyoek Cho,1468.4353490804644
Hard,Tomislav Brkic,1468.2211505718153
Hard,Karlis Ozolins,1468.1855294225868
Hard,Gleb Sakharov,1468.092297360629
Hard,Rajeev Ram,1468.0192708399882
Hard,Yuichi Sugita,1468.006575106913
Hard,Roman Borvanov,1468.0009681479514
Hard,Dean Obrien,1467.617426142851
Hard,Oleksii Krutykh,1467.52115961822
Hard,Ivan Nedelko,1467.4909032676235
Hard,Mao Xin Gong,1467.468094445607
Hard,Andrey Kumantsov,1467.4119974225107
Hard,Alex Bogomolov Jr,1467.1266448256242
Hard,Dominic Inglot,1467.0832448102717
Hard,Thomas Muster,1466.8798026212567
Hard,Thierry Ascione,1466.8267861171487
Hard,Gregoire Barrere,1466.8038946557726
Hard,Sho Shimabukuro,1466.7871321940052
Hard,Patrick Kypson,1466.733989064785
Hard,Tim Van Rijthoven,1466.570633875546
Hard,Nicolas Lapentti,1466.543742128435
Hard,Sebastian Ofner,1466.5412799886983
Hard,Laurent Recouderc,1466.5399161394037
Hard,James Duckworth,1466.532613186517
Hard,Eduardo Struvay,1466.5243328634992
Hard,Nicolas Massu,1466.3274850329349
Hard,Colton Smith,1466.2960349447344
Hard,Trevor Svajda,1466.2588911737325
Hard,Dimitar Kuzmanov,1466.1970061120094
Hard,Fajing Sun,1466.1569985346082
Hard,Tobias Kamke,1466.126976322522
Hard,Leo Borg,1466.0814385392177
Hard,Nikoloz Basilashvili,1466.018262253107
Hard,Jordi Munoz Abreu,1466.0181459556266
Hard,Laurent Bram,1465.9861243130936
Hard,Simone Bolelli,1465.8090556233767
Hard,Collin Altamirano,1465.72531528799
Hard,Michael Agwi,1465.6735302540683
Hard,Omar Jasika,1465.6447921702957
Hard,Mate Valkusz,1465.338707365451
Hard,Pavel Kotov,1465.2232525963168
Hard,Warit Sornbutnark,1464.858902781021
Hard,Rigele Te,1464.8444939887809
Hard,Nicolai Budkov Kjaer,1464.5482403587635
Hard,Jonathan Dasnieres De Veigy,1464.503423976593
Hard,Yshai Oliel,1464.0500801145379
Hard,Xavier Malisse,1463.7799930485248
Hard,Filip Prpic,1463.4893734824645
Hard,Gonzalo Bueno,1463.4556387273299
Hard,Di Wu,1463.2459279438963
Hard,Gianluigi Quinzi,1462.830323848962
Hard,Alessandro Giannessi,1462.8238547980766
Hard,Lukas Klein,1462.7795652114635
Hard,Patrick Tierro,1462.7302794203222
Hard,Chris Guccione,1462.4851517380728
Hard,Ibrahim Abou Chahine,1462.3777797462253
Hard,Jose Acasuso,1462.308197627325
Hard,Martins Podzus,1462.2681656735522
Hard,Kevin King,1462.2055160113223
Hard,Giulio Zeppieri,1462.1942861096943
Hard,Denis Kudla,1462.1719315766243
Hard,Martin Vassallo Arguello,1462.0780118360615
Hard,Evgeny Korolev,1461.9138048115537
Hard,Aleksa Krivokapic,1461.7264409103393
Hard,Steven Diez,1461.6813333381024
Hard,Seong Chan Hong,1461.653928118191
Hard,Adrian Ungur,1461.5863612890366
Hard,Bjorn Phau,1461.5789576543718
Hard,Jesus Bandres,1461.5682332534554
Hard,Chun Hun Wong,1461.2837478703825
Hard,Tristan Schoolkate,1461.137845468698
Hard,Christophe Tholl,1461.1095852024418
Hard,Rodrigo Pacheco Mendez,1461.0289548369183
Hard,Filip Misolic,1460.9744531493598
Hard,Vincent Millot,1460.7454334395245
Hard,Ryler Deheart,1460.7449240869862
Hard,Michael Yani,1460.6351318727595
Hard,Omar Awadhy,1460.5841137645223
Hard,Alejandro Falla,1460.4687475951282
Hard,Henri Laaksonen,1460.4638846909986
Hard,Oscar Otte,1460.1027860107067
Hard,Ante Pavic,1460.0987036324116
Hard,Mike Urbanija,1459.9458762912118
Hard,Akira Santillan,1459.8525308001579
Hard,Robert Kendrick,1459.843560022156
Hard,Tadas Babelis,1459.768952377858
Hard,Ruan Roelofse,1459.736319064706
Hard,Finn Tearney,1459.695588665972
Hard,Mehluli Don Ayanda Sibanda,1459.6670830141031
Hard,Sebastien Grosjean,1459.5456348940586
Hard,Issam Al Tawil,1459.4370893279388
Hard,Alejandro Gonzalez,1459.390603098974
Hard,Ignacio Garcia,1459.3581704983364
Hard,Harel Levy,1459.2629127038765
Hard,Tom Kocevar Desman,1459.1154273525206
Hard,Orel Kimhi,1459.0793933403531
Hard,Julian Saborio,1459.0500342226767
Hard,Hiroki Moriya,1459.0353070763529
Hard,Gabriel Flores Ruiz,1458.9183288552329
Hard,Marc Gicquel,1458.8245286511842
Hard,Kimmer Coppejans,1458.7823004085126
Hard,Ruben Bemelmans,1458.659312703397
Hard,Rei Sakamoto,1458.6018542910278
Hard,Mahammad Abid,1458.6005148010906
Hard,Patrick Agbo Panzo,1458.5309937928062
Hard,Facundo Bagnis,1458.3602431269271
Hard,Shahin Khaledan,1458.2809468567036
Hard,Yasir Khan,1458.1408201952095
Hard,Go Soeda,1458.1313350458427
Hard,Aditya Hari Sasongko,1458.1232927123574
Hard,Murad Inoyatov,1457.936875174106
Hard,Alexey Vatutin,1457.8231973088473
Hard,Alexander Cozbinov,1457.5894994540874
Hard,Viktor Filipenko,1457.483694325515
Hard,Benjamin Becker,1457.0964852056488
Hard,Mikhail Kukushkin,1457.0624397429415
Hard,Jesse Flores,1456.9691734493626
Hard,Nikola Mektic,1456.3002068986211
Hard,Francesco Passaro,1456.2851498724806
Hard,Ji Sung Nam,1456.2675114195883
Hard,Grega Zemlja,1456.1908339406477
Hard,Andreas Haider Maurer,1455.9039043718874
Hard,Naser Al Obaidly,1455.793930996436
Hard,Mikelis Libietis,1455.6784682892142
Hard,Timofey Skatov,1455.674173899126
Hard,Nicolaas Scholtz,1455.646540558649
Hard,Thiemo De Bakker,1455.5773638199653
Hard,Ricardo Gonzalez Diaz,1455.5674167116138
Hard,Andrei Vasilevski,1455.260059706006
Hard,Liam Caruana,1454.824384525453
Hard,Takanyi Garanganga,1454.5499388120222
Hard,Thiago Monteiro,1454.2312880171025
Hard,Alexander Kudryavtsev,1454.0914348891188
Hard,Artem Smirnov,1453.8995037728619
Hard,Edan Leshem,1453.8263085693332
Hard,Fernando Gonzalez,1453.733810703277
Hard,Michael Ryderstedt,1453.6762575509347
Hard,Nicolas Moreno De Alboran,1453.5049691243814
Hard,Sam Querrey,1453.2453426271052
Hard,Dragos Nicolae Madaras,1453.2360865714602
Hard,Ryan Sweeting,1452.9238219602032
Hard,Rowland Phillips,1452.6835569217603
Hard,Teymuraz Gabashvili,1452.4962936992981
Hard,Cem Ilkel,1451.9399882473908
Hard,Rogerio Dutra Silva,1451.7479411889553
Hard,Christian Lindell,1451.6708271073692
Hard,Mischa Zverev,1451.5821941515223
Hard,Martin Cuevas,1451.4182908934647
Hard,Thiago Alves,1451.1480920911583
Hard,Mike Scheidweiler,1451.103551399424
Hard,Jesse Levine,1451.0544110660344
Hard,Sergey Fomin,1450.855272755688
Hard,Maxime Authom,1450.7373044816477
Hard,Hugo Grenier,1450.658741453418
Hard,Frantisek Cermak,1450.5888135402029
Hard,Jan Choinski,1450.3928555716232
Hard,Dennis Novikov,1450.3833260503275
Hard,Constant Lestienne,1450.333939058141
Hard,Eero Vasa,1450.278491282857
Hard,Abedallah Shelbayh,1450.1909732993201
Hard,Alexandar Lazarov,1450.0169036961665
Hard,Stefanos Sakellaridis,1448.904812317339
Hard,Arnaud Clement,1448.9029130384172
Hard,Antoine Hoang,1448.854073602294
Hard,Adam Pavlasek,1448.7514835457168
Hard,Wisnu Adi Nugroho,1448.7411472738704
Hard,Damir Dzumhur,1448.5534114658608
Hard,James Mccabe,1448.462956138186
Hard,Robert Farah,1448.1144615864469
Hard,Peter Polansky,1447.94568022048
Hard,Ignaci Roca,1447.7563835369137
Hard,Seanon Williams,1447.4450119878918
Hard,Tomas Barrios Vera,1447.2791820102948
Hard,Federico Zeballos,1447.278665926685
Hard,Jurgen Zopp,1447.1654153015606
Hard,James Mcgee,1447.0125732998024
Hard,Guilherme Clezar,1446.935771661214
Hard,Pedro Martinez,1446.921025296966
Hard,Christos Hadjigeorgiou,1446.8871229049812
Hard,Blaz Kavcic,1446.8722879935094
Hard,Mike Vermeer,1446.7649775091563
Hard,Elbert Sie,1446.541500372246
Hard,Eric Prodon,1446.2484636640083
Hard,Kenny De Schepper,1446.2025900889867
Hard,Sergis Kyratzis,1445.8762128319802
Hard,Courtney John Lock,1445.8445152768586
Hard,Edouard Roger Vasselin,1445.7803938814975
Hard,Alexandar Lazov,1445.7049445164957
Hard,Daniel Elahi Galan,1445.6716045793535
Hard,Daniel Glancy,1445.6088659609939
Hard,Daniel Koellerer,1445.5077648325985
Hard,Rudolfs Mednis,1445.182369784542
Hard,Rik De Voest,1445.0509501405022
Hard,Norbert Gombos,1444.8325832514563
Hard,Dineshkanthan Thangarajah,1444.6218511195407
Hard,Stefan Kozlov,1443.87476066956
Hard,Florian Mayer,1443.4032714218476
Hard,Blaz Rola,1443.138067257665
Hard,Rares Cuzdriorean,1443.1058871783473
Hard,Aziz Ouakaa,1442.7106307375425
Hard,Bar Tzuf Botzer,1442.6877532882393
Hard,Ariez Elyaas Deen Heshaam,1442.6729036153597
Hard,Benjamin Balleret,1442.4828374950682
Hard,Jeson Patrombon,1442.4569914752983
Hard,Mubarak Shannan Zayid,1442.4384065727415
Hard,Tim Smyczek,1441.9524109197791
Hard,Jason Jung,1441.833666541822
Hard,Joachim Bjerke,1441.6215454911885
Hard,Rui Machado,1441.531388332484
Hard,Luke Saville,1441.2973992178765
Hard,Tigre Hank,1441.034605617807
Hard,Calvin Hemery,1440.1344742001766
Hard,Igor Andreev,1439.5455277100805
Hard,Haydn Lewis,1438.981002724351
Hard,Petros Chrysochos,1438.850973644288
Hard,Aleksandre Metreveli,1438.8236426856492
Hard,Jabor Al Mutawa,1438.74777045288
Hard,Peter Luczak,1438.4667784731296
Hard,Arjun Kadhe,1438.172608106407
Hard,Andreas Vinciguerra,1438.0475115067127
Hard,Andrey Golubev,1437.9295884850096
Hard,Sergey Betov,1437.8788302405198
Hard,Cesar Cruz,1437.5605573704008
Hard,Kristof Vliegen,1437.5310976785477
Hard,Aleksandr Nedovyesov,1437.466340176246
Hard,Dennis Novak,1436.7067501404701
Hard,Laurynas Grigelis,1435.996430778563
Hard,Robby Ginepri,1435.7582965138495
Hard,Ugo Nastasi,1435.457407096572
Hard,Isak Arvidsson,1435.333771382771
Hard,Alex Kuznetsov,1435.1002267056726
Hard,Ilija Bozoljac,1434.963158328734
Hard,Evgeny Donskoy,1434.6668234110523
Hard,Juan Ignacio Londero,1434.5638255949111
Hard,Brian Dabul,1434.4175391311946
Hard,Denis Istomin,1434.188751397358
Hard,Geoffrey Blancaneaux,1434.0948859762736
Hard,Juan Pablo Varillas,1434.0338120343454
Hard,Ernesto Escobedo,1433.9655094503864
Hard,Rhyne Williams,1433.9164001414435
Hard,Pedro Sousa,1433.7644311059557
Hard,Attila Balazs,1433.5160192018116
Hard,Antonio Veic,1433.4816695241395
Hard,Sam Barry,1432.692218469613
Hard,Marco Trungelliti,1432.5249291001992
Hard,Oscar Hernandez,1432.074884642075
Hard,Andis Juska,1431.814844124534
Hard,Ruben Ramirez Hidalgo,1431.5833649094352
Hard,Nicolas Barrientos,1431.5326205124572
Hard,Mariano Navone,1431.480136942545
Hard,Janis Podzus,1431.457452205543
Hard,Sumit Nagal,1430.8226489880508
Hard,Rohan Bopanna,1430.5860398295576
Hard,Benjamin Mitchell,1430.490914570811
Hard,Tatsuma Ito,1430.478225128661
Hard,Juan Ignacio Chela,1429.7149515531844
Hard,Kiranpal Pannu,1429.4585882743868
Hard,Juho Paukku,1429.2632110244097
Hard,Marcos Daniel,1429.1150994010743
Hard,Ti Chen,1429.0687621363143
Hard,Aziz Dougaz,1428.9367410179277
Hard,Wayne Odesnik,1427.2849043920864
Hard,Zura Tkemaladze,1426.597346701846
Hard,Sanjar Fayziev,1426.4749349943052
Hard,Renzo Olivo,1426.136518026995
Hard,Lukas Lacko,1426.0882189949614
Hard,Michail Pervolarakis,1426.008476877994
Hard,Ajeet Rai,1425.7853957669095
Hard,Kaipo Marshall,1425.6123686719895
Hard,Thai Son Kwiatkowski,1425.158480711547
Hard,Billy Harris,1424.6907251413527
Hard,Luca Vanni,1424.1622603128242
Hard,Marcel Granollers,1424.141274382562
Hard,Paul Capdeville,1423.9464832808478
Hard,Andreas Beck,1423.8944516488405
Hard,Laurent Lokoli,1423.7770456662379
Hard,Daniels Tens,1423.5019054062902
Hard,Mohamed Safwat,1423.0164623447972
Hard,Bradley Klahn,1421.662890867606
Hard,Jose Rubin Statham,1420.763540284546
Hard,Michael Venus,1420.562011410913
Hard,Nick Lindahl,1420.4558047984278
Hard,Jozef Kovalik,1420.1456566974816
Hard,Sam Groth,1419.33783340441
Hard,Flavio Cipolla,1419.251285877975
Hard,Federico Gaio,1418.9801642895268
Hard,Stephane Robert,1418.449851882843
Hard,Joao Souza,1418.2044165864509
Hard,James Ward,1417.436304378146
Hard,Prajnesh Gunneswaran,1416.977361935677
Hard,Li Tu,1416.6204395093616
Hard,Viktor Durasovic,1416.0094064018826
Hard,Carsten Ball,1415.8550970374017
Hard,Julian Reister,1415.189008684278
Hard,Bobby Reynolds,1414.713450979388
Hard,Igor Sijsling,1414.4477450397073
Hard,David Agung Susanto,1414.178762388671
Hard,Stephane Bohli,1414.1568619627797
Hard,Andrej Martin,1413.351269350445
Hard,Victor Hanescu,1413.2613237038968
Hard,Santiago Giraldo,1412.850448569578
Hard,Frank Dancevic,1412.5808212580755
Hard,Paul Henri Mathieu,1412.4977865331841
Hard,Zhe Li,1412.2966549156174
Hard,Potito Starace,1412.2889101042429
Hard,Brian Baker,1412.1789319069446
Hard,Thomas Fabbiano,1411.7036073008223
Hard,Marco Chiudinelli,1411.6083801148684
Hard,Maximo Gonzalez,1410.2728482747093
Hard,Marc Polmans,1410.2152184989438
Hard,Lucas Gomez,1410.1824163794654
Hard,Rainer Schuettler,1409.7159311432092
Hard,Albert Ramos,1408.6464449243767
Hard,David Guez,1408.2728213687815
Hard,Brandon Holt,1407.8329867341552
Hard,Pedro Cachin,1406.6829181014255
Hard,Brayden Schnur,1405.004882792123
Hard,Eduardo Schwank,1404.2579404167902
Hard,Ivan Dodig,1403.8967360205665
Hard,Victor Estrella,1403.4293228185445
Hard,Christophe Rochus,1403.3894931747604
Hard,Cyril Jacobe,1400.6389542016282
Hard,Ricardo Mello,1396.016453235674
Hard,Hugo Dellien,1395.5985575248897
Hard,Alberto Emmanuel Alvarado Larin,1393.93941035896
Hard,Ze Zhang,1393.6075055914498
Hard,Shintaro Mochizuki,1389.1230064753233
Hard,Igor Kunitsyn,1386.2188715827092
Hard,Gerald Melzer,1386.0837661004546
Hard,Florent Serra,1385.4536665193127
Hard,Jesse Huta Galung,1384.8511294278937
Hard,Nicolas Mejia,1382.0964969147626
Hard,Lukasz Kubot,1379.6690087500835
Hard,Michal Przysiezny,1379.0162143541936
Hard,Bernabe Zapata Miralles,1377.9565096829722
Hard,Chun Hsin Tseng,1376.832359649927
Hard,Federico Delbonis,1375.537415971345
Hard,Gastao Elias,1373.885347407653
Hard,Karol Beck,1373.7993071778224
Hard,Tsung Hua Yang,1373.135148124214
Hard,Federico Coria,1367.1492407250798
Hard,Ramkumar Ramanathan,1359.2397118165106
Hard,John Patrick Smith,1347.352670168688
Hard,Albert Montanes,1344.3990943685567
Hard,Daniel Gimeno Traver,1343.4423019984322
Hard,Pere Riba,1342.6044306362755
Hard,Konstantin Kravchuk,1341.4131038464507
Hard,Marco Cecchinato,1330.4257513447417
Hard,Filippo Volandri,1319.6752892853606
Hard,Jan Hajek,1287.2952964147562
